timestamp,open,high,low,close,volume,coin
2020-01-01 00:00:00+00:00,0.19287,0.19866,0.1919,0.19301,568474.4,XRP
2020-01-02 00:00:00+00:00,0.19282,0.19296,0.18644,0.18762,124152.7,XRP
2020-01-03 00:00:00+00:00,0.18703,0.19376,0.18482,0.1932,183712.9,XRP
2020-01-04 00:00:00+00:00,0.19337,0.19361,0.19155,0.19277,96464.2,XRP
2020-01-05 00:00:00+00:00,0.19376,0.19718,0.19376,0.19462,168050.5,XRP
2020-01-06 00:00:00+00:00,0.19483,0.22396,0.19483,0.22264,894064.7,XRP
2020-01-07 00:00:00+00:00,0.22364,0.22451,0.20744,0.21381,1809468.4,XRP
2020-01-08 00:00:00+00:00,0.21335,0.21767,0.20332,0.20785,672327.3,XRP
2020-01-09 00:00:00+00:00,0.20761,0.20855,0.20137,0.2041,192888.0,XRP
2020-01-10 00:00:00+00:00,0.20425,0.21155,0.20039,0.21154,284672.7,XRP
2020-01-11 00:00:00+00:00,0.21242,0.21965,0.20918,0.21184,449050.7,XRP
2020-01-12 00:00:00+00:00,0.21123,0.21648,0.20974,0.21465,153301.1,XRP
2020-01-13 00:00:00+00:00,0.21456,0.21456,0.2102,0.21162,321499.5,XRP
2020-01-14 00:00:00+00:00,0.21176,0.24552,0.21176,0.23507,1217121.0,XRP
2020-01-15 00:00:00+00:00,0.23473,0.24294,0.22653,0.23283,1584620.4,XRP
2020-01-16 00:00:00+00:00,0.23448,0.23448,0.22177,0.22912,422937.1,XRP
2020-01-17 00:00:00+00:00,0.2293,0.24446,0.22697,0.24004,602884.1,XRP
2020-01-18 00:00:00+00:00,0.2384,0.25396,0.23183,0.24388,1255452.5,XRP
2020-01-19 00:00:00+00:00,0.24328,0.25134,0.22733,0.23644,581136.7,XRP
2020-01-20 00:00:00+00:00,0.23575,0.23582,0.225,0.2332,424274.8,XRP
2020-01-21 00:00:00+00:00,0.2332,0.24181,0.23035,0.23749,539954.7,XRP
2020-01-22 00:00:00+00:00,0.23772,0.23877,0.23322,0.23706,274623.3,XRP
2020-01-23 00:00:00+00:00,0.23684,0.23684,0.22149,0.22597,423010.6,XRP
2020-01-24 00:00:00+00:00,0.22597,0.22632,0.21378,0.22202,400000.4,XRP
2020-01-25 00:00:00+00:00,0.22224,0.22256,0.21676,0.22074,206444.5,XRP
2020-01-26 00:00:00+00:00,0.21906,0.23216,0.21834,0.23125,201993.3,XRP
2020-01-27 00:00:00+00:00,0.23145,0.2339,0.22664,0.23118,231705.0,XRP
2020-01-28 00:00:00+00:00,0.2308,0.24196,0.23061,0.23933,466584.8,XRP
2020-01-29 00:00:00+00:00,0.23926,0.24181,0.23454,0.23507,453812.1,XRP
2020-01-30 00:00:00+00:00,0.23481,0.24611,0.23106,0.24357,473427.8,XRP
2020-01-31 00:00:00+00:00,0.24348,0.24482,0.23389,0.23906,685602.7,XRP
2020-02-01 00:00:00+00:00,0.23974,0.24328,0.23715,0.24125,386608.9,XRP
2020-02-02 00:00:00+00:00,0.24138,0.26127,0.23603,0.251,595558.5,XRP
2020-02-03 00:00:00+00:00,0.251,0.25942,0.24712,0.25501,611637.2,XRP
2020-02-04 00:00:00+00:00,0.25462,0.27101,0.24774,0.26665,1143054.8,XRP
2020-02-05 00:00:00+00:00,0.26751,0.28268,0.26751,0.27805,3089933.9,XRP
2020-02-06 00:00:00+00:00,0.27822,0.28828,0.26855,0.28345,1606099.8,XRP
2020-02-07 00:00:00+00:00,0.28343,0.28824,0.27725,0.27988,1338306.2,XRP
2020-02-08 00:00:00+00:00,0.27918,0.28196,0.26519,0.27762,779854.4,XRP
2020-02-09 00:00:00+00:00,0.27739,0.28908,0.27719,0.28278,1059236.4,XRP
2020-02-10 00:00:00+00:00,0.28278,0.28327,0.2697,0.27387,546282.3,XRP
2020-02-11 00:00:00+00:00,0.2736,0.28329,0.26757,0.2815,578315.6,XRP
2020-02-12 00:00:00+00:00,0.28144,0.30943,0.28012,0.30472,1098628.2,XRP
2020-02-13 00:00:00+00:00,0.30407,0.33948,0.30075,0.32667,3527757.6,XRP
2020-02-14 00:00:00+00:00,0.33004,0.33896,0.31066,0.33615,1027372.9,XRP
2020-02-15 00:00:00+00:00,0.33711,0.34664,0.29868,0.30759,2282513.0,XRP
2020-02-16 00:00:00+00:00,0.30637,0.31908,0.27937,0.29297,1920842.6,XRP
2020-02-17 00:00:00+00:00,0.29225,0.29482,0.26942,0.28723,1827663.6,XRP
2020-02-18 00:00:00+00:00,0.28732,0.30262,0.2753,0.29783,2293774.7,XRP
2020-02-19 00:00:00+00:00,0.2983,0.30804,0.265,0.27482,2728424.1,XRP
2020-02-20 00:00:00+00:00,0.27483,0.28147,0.26049,0.27146,1230122.4,XRP
2020-02-21 00:00:00+00:00,0.27076,0.27858,0.26907,0.27371,325606.0,XRP
2020-02-22 00:00:00+00:00,0.27469,0.2778,0.27056,0.27544,270932.5,XRP
2020-02-23 00:00:00+00:00,0.27503,0.28419,0.27503,0.28355,416027.1,XRP
2020-02-24 00:00:00+00:00,0.28242,0.284,0.26437,0.2684,386742.4,XRP
2020-02-25 00:00:00+00:00,0.27048,0.27048,0.25111,0.25215,375708.7,XRP
2020-02-26 00:00:00+00:00,0.25169,0.25438,0.22289,0.22955,1468315.5,XRP
2020-02-27 00:00:00+00:00,0.22886,0.24706,0.224,0.23689,853240.5,XRP
2020-02-28 00:00:00+00:00,0.23878,0.24384,0.22863,0.2367,832824.8,XRP
2020-02-29 00:00:00+00:00,0.23955,0.24211,0.22884,0.22929,370334.8,XRP
2020-03-01 00:00:00+00:00,0.23096,0.2357,0.22469,0.228,476498.7,XRP
2020-03-02 00:00:00+00:00,0.22697,0.24133,0.22616,0.23929,465315.9,XRP
2020-03-03 00:00:00+00:00,0.23846,0.23875,0.22942,0.23404,679408.8,XRP
2020-03-04 00:00:00+00:00,0.2343,0.23817,0.2303,0.23445,491380.2,XRP
2020-03-05 00:00:00+00:00,0.23494,0.24303,0.23494,0.23886,713777.5,XRP
2020-03-06 00:00:00+00:00,0.239,0.24643,0.23846,0.24492,610724.2,XRP
2020-03-07 00:00:00+00:00,0.24539,0.24539,0.23519,0.2361,607037.9,XRP
2020-03-08 00:00:00+00:00,0.2361,0.2361,0.1997,0.20322,1907580.7,XRP
2020-03-09 00:00:00+00:00,0.20411,0.21154,0.19822,0.20962,927975.2,XRP
2020-03-10 00:00:00+00:00,0.20954,0.21579,0.20605,0.21155,399171.1,XRP
2020-03-11 00:00:00+00:00,0.21294,0.21306,0.19938,0.20853,356987.5,XRP
2020-03-12 00:00:00+00:00,0.20918,0.20918,0.07074,0.13576,5760028.7,XRP
2020-03-13 00:00:00+00:00,0.1358,0.24,0.10535,0.15846,6105337.4,XRP
2020-03-14 00:00:00+00:00,0.15719,0.15959,0.1441,0.14625,631415.2,XRP
2020-03-15 00:00:00+00:00,0.14718,0.16907,0.14517,0.15382,1221301.9,XRP
2020-03-16 00:00:00+00:00,0.15118,0.15289,0.12855,0.14029,2606036.2,XRP
2020-03-17 00:00:00+00:00,0.14156,0.15104,0.14033,0.14821,840146.8,XRP
2020-03-18 00:00:00+00:00,0.14781,0.14902,0.14206,0.14732,740854.8,XRP
2020-03-19 00:00:00+00:00,0.14748,0.17239,0.14487,0.1654,864943.4,XRP
2020-03-20 00:00:00+00:00,0.16464,0.17458,0.14736,0.15636,1212121.5,XRP
2020-03-21 00:00:00+00:00,0.15717,0.16177,0.15199,0.15844,438776.6,XRP
2020-03-22 00:00:00+00:00,0.15756,0.16189,0.14655,0.14788,453839.4,XRP
2020-03-23 00:00:00+00:00,0.14738,0.16115,0.1448,0.15783,495396.2,XRP
2020-03-24 00:00:00+00:00,0.15929,0.16362,0.15742,0.1629,591083.3,XRP
2020-03-25 00:00:00+00:00,0.16148,0.16409,0.15839,0.16127,391525.4,XRP
2020-03-26 00:00:00+00:00,0.16189,0.17777,0.16012,0.17648,560860.8,XRP
2020-03-27 00:00:00+00:00,0.17671,0.18726,0.17012,0.17303,1415763.5,XRP
2020-03-28 00:00:00+00:00,0.17243,0.17938,0.16694,0.17562,1658187.5,XRP
2020-03-29 00:00:00+00:00,0.17558,0.17637,0.16238,0.16397,1059290.4,XRP
2020-03-30 00:00:00+00:00,0.16262,0.17559,0.16262,0.17146,432069.7,XRP
2020-03-31 00:00:00+00:00,0.1716,0.17783,0.17064,0.17376,1050579.7,XRP
2020-04-01 00:00:00+00:00,0.1733,0.17611,0.16822,0.17523,1024056.2,XRP
2020-04-02 00:00:00+00:00,0.17622,0.18581,0.17398,0.17892,1173002.8,XRP
2020-04-03 00:00:00+00:00,0.17826,0.18285,0.17605,0.1791,393363.0,XRP
2020-04-04 00:00:00+00:00,0.17934,0.18334,0.17795,0.1811,345566.9,XRP
2020-04-05 00:00:00+00:00,0.18096,0.18161,0.17687,0.17915,291617.3,XRP
2020-04-06 00:00:00+00:00,0.18041,0.19774,0.17991,0.19774,934484.2,XRP
2020-04-07 00:00:00+00:00,0.19898,0.20467,0.18999,0.19295,898617.8,XRP
2020-04-08 00:00:00+00:00,0.19255,0.20264,0.19166,0.20188,662907.1,XRP
2020-04-09 00:00:00+00:00,0.20137,0.20244,0.1949,0.19894,442192.4,XRP
2020-04-10 00:00:00+00:00,0.19847,0.19864,0.18154,0.18778,722200.1,XRP
2020-04-11 00:00:00+00:00,0.18836,0.19216,0.18543,0.18759,1072352.3,XRP
2020-04-12 00:00:00+00:00,0.18945,0.19566,0.1866,0.1896,530345.1,XRP
2020-04-13 00:00:00+00:00,0.18852,0.18912,0.17382,0.18762,2117530.0,XRP
2020-04-14 00:00:00+00:00,0.18816,0.18898,0.18397,0.18627,773070.7,XRP
2020-04-15 00:00:00+00:00,0.18521,0.18963,0.18028,0.18073,529952.1,XRP
2020-04-16 00:00:00+00:00,0.17998,0.19221,0.17421,0.18963,918109.0,XRP
2020-04-17 00:00:00+00:00,0.19067,0.19155,0.18623,0.18838,379168.9,XRP
2020-04-18 00:00:00+00:00,0.18939,0.1971,0.18875,0.19498,707892.9,XRP
2020-04-19 00:00:00+00:00,0.19474,0.19621,0.18797,0.18937,504605.0,XRP
2020-04-20 00:00:00+00:00,0.18899,0.19463,0.17841,0.18135,865051.2,XRP
2020-04-21 00:00:00+00:00,0.18182,0.1864,0.18158,0.18314,489690.5,XRP
2020-04-22 00:00:00+00:00,0.18358,0.18957,0.18247,0.18791,455635.5,XRP
2020-04-23 00:00:00+00:00,0.18838,0.19935,0.18586,0.1923,1288517.3,XRP
2020-04-24 00:00:00+00:00,0.19267,0.19697,0.19249,0.19301,560057.0,XRP
2020-04-25 00:00:00+00:00,0.19295,0.19728,0.19171,0.19374,544252.1,XRP
2020-04-26 00:00:00+00:00,0.19408,0.19763,0.18982,0.19654,462300.3,XRP
2020-04-27 00:00:00+00:00,0.19738,0.19951,0.1944,0.19669,470026.8,XRP
2020-04-28 00:00:00+00:00,0.19668,0.59,0.19462,0.21476,1002961.3,XRP
2020-04-29 00:00:00+00:00,0.21426,0.23087,0.21404,0.22609,1070394.4,XRP
2020-04-30 00:00:00+00:00,0.2265,0.23578,0.20854,0.21065,1933366.2,XRP
2020-05-01 00:00:00+00:00,0.21198,0.22399,0.21192,0.21773,586177.0,XRP
2020-05-02 00:00:00+00:00,0.21766,0.22565,0.21565,0.22379,678758.6,XRP
2020-05-03 00:00:00+00:00,0.22374,0.22634,0.2156,0.21892,589689.8,XRP
2020-05-04 00:00:00+00:00,0.2201,0.2201,0.20749,0.21795,577218.3,XRP
2020-05-05 00:00:00+00:00,0.21816,0.222,0.21334,0.21686,265058.4,XRP
2020-05-06 00:00:00+00:00,0.21658,0.222,0.21058,0.21208,616553.0,XRP
2020-05-07 00:00:00+00:00,0.21016,0.22091,0.21003,0.2186,669171.3,XRP
2020-05-08 00:00:00+00:00,0.21906,0.22164,0.21454,0.21872,904100.7,XRP
2020-05-09 00:00:00+00:00,0.21872,0.2248,0.21614,0.21654,1064341.0,XRP
2020-05-10 00:00:00+00:00,0.21611,0.21611,0.11,0.19715,1376782.3,XRP
2020-05-11 00:00:00+00:00,0.19773,0.2001,0.1843,0.194,479755.9,XRP
2020-05-12 00:00:00+00:00,0.19348,0.19999,0.19142,0.19695,339723.9,XRP
2020-05-13 00:00:00+00:00,0.19767,0.20415,0.19611,0.20186,279758.6,XRP
2020-05-14 00:00:00+00:00,0.20096,0.20631,0.19924,0.20381,487852.1,XRP
2020-05-15 00:00:00+00:00,0.20372,0.20388,0.19568,0.19766,652317.9,XRP
2020-05-16 00:00:00+00:00,0.19754,0.20195,0.19754,0.20024,630543.8,XRP
2020-05-17 00:00:00+00:00,0.19918,0.20403,0.19918,0.20136,400911.1,XRP
2020-05-18 00:00:00+00:00,0.20205,0.20777,0.20205,0.20505,793914.4,XRP
2020-05-19 00:00:00+00:00,0.20462,0.206,0.20106,0.20463,175631.0,XRP
2020-05-20 00:00:00+00:00,0.20516,0.20615,0.19695,0.20179,441915.8,XRP
2020-05-21 00:00:00+00:00,0.20144,0.20278,0.19001,0.19407,722870.7,XRP
2020-05-22 00:00:00+00:00,0.19407,0.20229,0.19254,0.20013,615249.4,XRP
2020-05-23 00:00:00+00:00,0.20074,0.202,0.19827,0.19897,366744.0,XRP
2020-05-24 00:00:00+00:00,0.19912,0.20119,0.19244,0.19315,234572.9,XRP
2020-05-25 00:00:00+00:00,0.19249,0.19692,0.19006,0.19614,260107.0,XRP
2020-05-26 00:00:00+00:00,0.1964,0.19681,0.19186,0.19371,207822.4,XRP
2020-05-27 00:00:00+00:00,0.19424,0.19978,0.19399,0.19761,266245.4,XRP
2020-05-28 00:00:00+00:00,0.19781,0.2011,0.19494,0.20047,343793.6,XRP
2020-05-29 00:00:00+00:00,0.20085,0.20265,0.19642,0.19749,391428.5,XRP
2020-05-30 00:00:00+00:00,0.19745,0.20777,0.19608,0.20708,468132.9,XRP
2020-05-31 00:00:00+00:00,0.20678,0.21327,0.2005,0.20291,455368.2,XRP
2020-06-01 00:00:00+00:00,0.20167,0.21239,0.20145,0.21066,736650.7,XRP
2020-06-02 00:00:00+00:00,0.21078,0.21441,0.19763,0.20266,815285.2,XRP
2020-06-03 00:00:00+00:00,0.20286,0.20454,0.20136,0.20355,251469.3,XRP
2020-06-04 00:00:00+00:00,0.20419,0.20696,0.20031,0.20522,245333.6,XRP
2020-06-05 00:00:00+00:00,0.20397,0.20571,0.20141,0.20285,429230.6,XRP
2020-06-06 00:00:00+00:00,0.2027,0.20471,0.20145,0.20388,235254.9,XRP
2020-06-07 00:00:00+00:00,0.20376,0.20503,0.19857,0.20317,404561.2,XRP
2020-06-08 00:00:00+00:00,0.20332,0.20419,0.20135,0.20394,212239.7,XRP
2020-06-09 00:00:00+00:00,0.20419,0.20498,0.20003,0.20116,315185.1,XRP
2020-06-10 00:00:00+00:00,0.20094,0.20346,0.19906,0.20221,536077.7,XRP
2020-06-11 00:00:00+00:00,0.20259,0.2035,0.185,0.18855,1142465.6,XRP
2020-06-12 00:00:00+00:00,0.18804,0.1951,0.18751,0.19291,542929.2,XRP
2020-06-13 00:00:00+00:00,0.19194,0.19354,0.19098,0.19254,77090.4,XRP
2020-06-14 00:00:00+00:00,0.19211,0.19239,0.18903,0.19085,232760.1,XRP
2020-06-15 00:00:00+00:00,0.19005,0.1933,0.18246,0.19263,923518.7,XRP
2020-06-16 00:00:00+00:00,0.19187,0.19357,0.19042,0.19217,243556.3,XRP
2020-06-17 00:00:00+00:00,0.19223,0.19876,0.19,0.19325,544805.6,XRP
2020-06-18 00:00:00+00:00,0.19256,0.19256,0.18841,0.19055,222422.4,XRP
2020-06-19 00:00:00+00:00,0.18984,0.19006,0.18628,0.18731,234468.8,XRP
2020-06-20 00:00:00+00:00,0.18704,0.18879,0.18501,0.18819,199114.8,XRP
2020-06-21 00:00:00+00:00,0.18773,0.18826,0.18607,0.18607,106312.4,XRP
2020-06-22 00:00:00+00:00,0.18586,0.19,0.18586,0.18955,359108.0,XRP
2020-06-23 00:00:00+00:00,0.18957,0.19034,0.18862,0.1889,164586.6,XRP
2020-06-24 00:00:00+00:00,0.18918,0.19019,0.18166,0.18356,502735.6,XRP
2020-06-25 00:00:00+00:00,0.18356,0.18412,0.17891,0.18167,162009.5,XRP
2020-06-26 00:00:00+00:00,0.18116,0.18645,0.17914,0.18307,655886.9,XRP
2020-06-27 00:00:00+00:00,0.18204,0.18363,0.17116,0.1753,542929.1,XRP
2020-06-28 00:00:00+00:00,0.1749,0.17949,0.17356,0.17693,320966.2,XRP
2020-06-29 00:00:00+00:00,0.17681,0.17917,0.17498,0.17717,478638.2,XRP
2020-06-30 00:00:00+00:00,0.17744,0.17755,0.17508,0.17543,134770.1,XRP
2020-07-01 00:00:00+00:00,0.1749,0.17802,0.17391,0.17635,180681.9,XRP
2020-07-02 00:00:00+00:00,0.17688,0.178,0.17219,0.17511,543367.0,XRP
2020-07-03 00:00:00+00:00,0.17462,0.17851,0.17282,0.17634,765784.8,XRP
2020-07-04 00:00:00+00:00,0.17664,0.17948,0.17664,0.17815,414175.5,XRP
2020-07-05 00:00:00+00:00,0.17825,0.17869,0.17425,0.17744,380511.5,XRP
2020-07-06 00:00:00+00:00,0.17721,0.18903,0.17612,0.18833,930121.2,XRP
2020-07-07 00:00:00+00:00,0.18845,0.18964,0.18307,0.18485,740278.2,XRP
2020-07-08 00:00:00+00:00,0.18461,0.20721,0.18378,0.20491,2863702.7,XRP
2020-07-09 00:00:00+00:00,0.20518,0.21144,0.19742,0.20256,1113495.5,XRP
2020-07-10 00:00:00+00:00,0.20207,0.20239,0.19279,0.19917,956691.7,XRP
2020-07-11 00:00:00+00:00,0.19882,0.20483,0.19825,0.20126,905937.5,XRP
2020-07-12 00:00:00+00:00,0.20119,0.20396,0.19776,0.20128,717180.5,XRP
2020-07-13 00:00:00+00:00,0.20143,0.20673,0.19361,0.199,618862.7,XRP
2020-07-14 00:00:00+00:00,0.19883,0.19967,0.1954,0.19903,264636.5,XRP
2020-07-15 00:00:00+00:00,0.19969,0.20064,0.19672,0.19759,336076.0,XRP
2020-07-16 00:00:00+00:00,0.19729,0.19754,0.18911,0.19466,474487.1,XRP
2020-07-17 00:00:00+00:00,0.19416,0.19818,0.1916,0.1946,340541.4,XRP
2020-07-18 00:00:00+00:00,0.19434,0.20238,0.19411,0.19992,543943.3,XRP
2020-07-19 00:00:00+00:00,0.20023,0.20185,0.19617,0.19964,338744.2,XRP
2020-07-20 00:00:00+00:00,0.19989,0.20009,0.19253,0.19467,370612.5,XRP
2020-07-21 00:00:00+00:00,0.19424,0.20072,0.19398,0.19936,250175.9,XRP
2020-07-22 00:00:00+00:00,0.19945,0.20431,0.19642,0.20377,328740.7,XRP
2020-07-23 00:00:00+00:00,0.20384,0.2103,0.20163,0.20853,741420.3,XRP
2020-07-24 00:00:00+00:00,0.20823,0.20823,0.20201,0.20414,414637.7,XRP
2020-07-25 00:00:00+00:00,0.20413,0.21762,0.20373,0.21455,868058.0,XRP
2020-07-26 00:00:00+00:00,0.21439,0.22488,0.21299,0.2152,705026.2,XRP
2020-07-27 00:00:00+00:00,0.21567,0.22895,0.2105,0.22448,1493777.9,XRP
2020-07-28 00:00:00+00:00,0.22456,0.23472,0.21738,0.23047,1436389.3,XRP
2020-07-29 00:00:00+00:00,0.23071,0.24999,0.22944,0.24236,1716584.6,XRP
2020-07-30 00:00:00+00:00,0.24197,0.24931,0.23485,0.24425,1150605.0,XRP
2020-07-31 00:00:00+00:00,0.24416,0.26052,0.24181,0.2597,719906.9,XRP
2020-08-01 00:00:00+00:00,0.25994,0.29754,0.25592,0.29114,2170974.0,XRP
2020-08-02 00:00:00+00:00,0.2908,0.32537,0.25,0.28795,5746141.2,XRP
2020-08-03 00:00:00+00:00,0.28884,0.31938,0.28461,0.30991,2857541.9,XRP
2020-08-04 00:00:00+00:00,0.31003,0.31914,0.29142,0.30053,1879226.9,XRP
2020-08-05 00:00:00+00:00,0.30181,0.30802,0.29138,0.3021,1310998.9,XRP
2020-08-06 00:00:00+00:00,0.30219,0.31106,0.29759,0.30338,613282.5,XRP
2020-08-07 00:00:00+00:00,0.30269,0.30997,0.29315,0.29403,489974.7,XRP
2020-08-08 00:00:00+00:00,0.29403,0.29815,0.29002,0.29455,689942.2,XRP
2020-08-09 00:00:00+00:00,0.29493,0.29819,0.28242,0.28832,493611.0,XRP
2020-08-10 00:00:00+00:00,0.28815,0.29981,0.28399,0.29479,765639.3,XRP
2020-08-11 00:00:00+00:00,0.29464,0.30716,0.26944,0.28386,1362141.3,XRP
2020-08-12 00:00:00+00:00,0.28287,0.28692,0.27195,0.28232,1288789.5,XRP
2020-08-13 00:00:00+00:00,0.2818,0.29553,0.27253,0.29396,975961.9,XRP
2020-08-14 00:00:00+00:00,0.29475,0.3071,0.29082,0.29952,985848.1,XRP
2020-08-15 00:00:00+00:00,0.30083,0.3052,0.29231,0.29898,654925.3,XRP
2020-08-16 00:00:00+00:00,0.29989,0.30487,0.29237,0.30382,609821.8,XRP
2020-08-17 00:00:00+00:00,0.30418,0.32654,0.29725,0.31412,1674408.3,XRP
2020-08-18 00:00:00+00:00,0.31471,0.32118,0.29846,0.30223,822122.4,XRP
2020-08-19 00:00:00+00:00,0.3036,0.30592,0.27934,0.28937,776192.8,XRP
2020-08-20 00:00:00+00:00,0.29096,0.29465,0.28462,0.29259,371850.2,XRP
2020-08-21 00:00:00+00:00,0.29223,0.29571,0.278,0.2792,677844.8,XRP
2020-08-22 00:00:00+00:00,0.27959,0.28654,0.27372,0.28638,444301.5,XRP
2020-08-23 00:00:00+00:00,0.28611,0.28776,0.27791,0.28584,375675.0,XRP
2020-08-24 00:00:00+00:00,0.28409,0.2918,0.28241,0.28933,297107.1,XRP
2020-08-25 00:00:00+00:00,0.28839,0.28969,0.27033,0.27716,376238.0,XRP
2020-08-26 00:00:00+00:00,0.27551,0.28011,0.27422,0.27635,308205.1,XRP
2020-08-27 00:00:00+00:00,0.27702,0.27791,0.25469,0.26432,728318.6,XRP
2020-08-28 00:00:00+00:00,0.26389,0.27291,0.26023,0.27201,357348.7,XRP
2020-08-29 00:00:00+00:00,0.27248,0.27633,0.26863,0.27414,238525.0,XRP
2020-08-30 00:00:00+00:00,0.27415,0.28395,0.27414,0.28298,576242.1,XRP
2020-08-31 00:00:00+00:00,0.28361,0.28438,0.27833,0.28083,195561.1,XRP
2020-09-01 00:00:00+00:00,0.28009,0.29845,0.27612,0.2947,811051.6,XRP
2020-09-02 00:00:00+00:00,0.2952,0.30386,0.2639,0.27583,1759906.2,XRP
2020-09-03 00:00:00+00:00,0.27463,0.27654,0.24104,0.24456,1446294.1,XRP
2020-09-04 00:00:00+00:00,0.24446,0.26529,0.24075,0.25439,1405784.2,XRP
2020-09-05 00:00:00+00:00,0.25417,0.25935,0.23157,0.23589,1656388.0,XRP
2020-09-06 00:00:00+00:00,0.23732,0.24336,0.22976,0.24035,787719.5,XRP
2020-09-07 00:00:00+00:00,0.24189,0.243,0.23012,0.24199,710086.7,XRP
2020-09-08 00:00:00+00:00,0.24279,0.24363,0.23163,0.23553,675532.1,XRP
2020-09-09 00:00:00+00:00,0.23598,0.2427,0.23329,0.23868,367132.3,XRP
2020-09-10 00:00:00+00:00,0.24023,0.24893,0.24008,0.24276,282218.6,XRP
2020-09-11 00:00:00+00:00,0.24396,0.2447,0.23722,0.24296,235055.7,XRP
2020-09-12 00:00:00+00:00,0.2422,0.248,0.24062,0.2475,190239.8,XRP
2020-09-13 00:00:00+00:00,0.24745,0.25324,0.23778,0.2418,400769.1,XRP
2020-09-14 00:00:00+00:00,0.24153,0.24798,0.23932,0.24569,314992.7,XRP
2020-09-15 00:00:00+00:00,0.24586,0.24893,0.24264,0.24295,242870.0,XRP
2020-09-16 00:00:00+00:00,0.24211,0.25094,0.235,0.24762,394476.2,XRP
2020-09-17 00:00:00+00:00,0.24709,0.25829,0.24659,0.25262,625055.5,XRP
2020-09-18 00:00:00+00:00,0.2528,0.25518,0.24677,0.25022,402347.0,XRP
2020-09-19 00:00:00+00:00,0.25059,0.25469,0.24755,0.2515,645468.3,XRP
2020-09-20 00:00:00+00:00,0.25087,0.25087,0.24253,0.24609,373487.0,XRP
2020-09-21 00:00:00+00:00,0.24498,0.24765,0.22938,0.23098,935062.6,XRP
2020-09-22 00:00:00+00:00,0.23058,0.23467,0.22955,0.23304,362025.0,XRP
2020-09-23 00:00:00+00:00,0.233,0.23485,0.22073,0.22105,332709.9,XRP
2020-09-24 00:00:00+00:00,0.22,0.2336,0.21984,0.23267,453219.4,XRP
2020-09-25 00:00:00+00:00,0.23329,0.24458,0.22991,0.24155,443348.3,XRP
2020-09-26 00:00:00+00:00,0.24257,0.24546,0.23817,0.24165,170550.0,XRP
2020-09-27 00:00:00+00:00,0.2414,0.24451,0.23773,0.24221,130338.9,XRP
2020-09-28 00:00:00+00:00,0.24395,0.24841,0.24015,0.24176,375527.7,XRP
2020-09-29 00:00:00+00:00,0.24064,0.24589,0.23852,0.24356,261279.1,XRP
2020-09-30 00:00:00+00:00,0.24247,0.24257,0.23861,0.24115,181062.9,XRP
2020-10-01 00:00:00+00:00,0.24226,0.24397,0.23457,0.23786,392334.6,XRP
2020-10-02 00:00:00+00:00,0.23735,0.23915,0.22853,0.234,450957.1,XRP
2020-10-03 00:00:00+00:00,0.23324,0.23503,0.23274,0.23335,170270.2,XRP
2020-10-04 00:00:00+00:00,0.23303,0.25012,0.23173,0.24784,779733.5,XRP
2020-10-05 00:00:00+00:00,0.24816,0.2542,0.2469,0.25028,702739.1,XRP
2020-10-06 00:00:00+00:00,0.2515,0.25905,0.24108,0.24521,921404.2,XRP
2020-10-07 00:00:00+00:00,0.24475,0.25079,0.24109,0.24831,301976.8,XRP
2020-10-08 00:00:00+00:00,0.24845,0.25259,0.24234,0.25108,222085.6,XRP
2020-10-09 00:00:00+00:00,0.25184,0.25629,0.24993,0.25232,232431.1,XRP
2020-10-10 00:00:00+00:00,0.25308,0.26018,0.25301,0.25412,345119.2,XRP
2020-10-11 00:00:00+00:00,0.25433,0.2584,0.25355,0.2547,101145.6,XRP
2020-10-12 00:00:00+00:00,0.25458,0.25807,0.2495,0.25605,350560.4,XRP
2020-10-13 00:00:00+00:00,0.25602,0.26027,0.25314,0.25653,531803.9,XRP
2020-10-14 00:00:00+00:00,0.25557,0.25822,0.24603,0.2489,332386.1,XRP
2020-10-15 00:00:00+00:00,0.2489,0.24954,0.24315,0.24566,329925.2,XRP
2020-10-16 00:00:00+00:00,0.24559,0.2469,0.23779,0.2402,448713.3,XRP
2020-10-17 00:00:00+00:00,0.24036,0.24273,0.23877,0.2407,120621.2,XRP
2020-10-18 00:00:00+00:00,0.24053,0.24363,0.24053,0.24185,88496.8,XRP
2020-10-19 00:00:00+00:00,0.24233,0.24919,0.24053,0.24566,188904.9,XRP
2020-10-20 00:00:00+00:00,0.245,0.25015,0.24162,0.2429,298329.7,XRP
2020-10-21 00:00:00+00:00,0.24308,0.25518,0.24301,0.25115,667834.2,XRP
2020-10-22 00:00:00+00:00,0.25133,0.26348,0.25111,0.25649,910054.8,XRP
2020-10-23 00:00:00+00:00,0.25666,0.2591,0.25045,0.2551,419127.1,XRP
2020-10-24 00:00:00+00:00,0.25459,0.25767,0.25274,0.25618,263892.3,XRP
2020-10-25 00:00:00+00:00,0.25474,0.2572,0.25164,0.25285,356704.3,XRP
2020-10-26 00:00:00+00:00,0.25298,0.25898,0.24395,0.24883,344258.8,XRP
2020-10-27 00:00:00+00:00,0.24761,0.25375,0.24761,0.25318,331360.6,XRP
2020-10-28 00:00:00+00:00,0.25294,0.2564,0.24445,0.2454,378649.9,XRP
2020-10-29 00:00:00+00:00,0.24492,0.24664,0.24,0.24252,168178.0,XRP
2020-10-30 00:00:00+00:00,0.24206,0.24361,0.23106,0.23937,445168.7,XRP
2020-10-31 00:00:00+00:00,0.23854,0.24334,0.23763,0.23999,164730.9,XRP
2020-11-01 00:00:00+00:00,0.24012,0.24114,0.23694,0.2395,131440.1,XRP
2020-11-02 00:00:00+00:00,0.24142,0.24462,0.2331,0.23525,402059.7,XRP
2020-11-03 00:00:00+00:00,0.23471,0.24395,0.22805,0.23896,544443.4,XRP
2020-11-04 00:00:00+00:00,0.23952,0.24017,0.23231,0.23703,347348.4,XRP
2020-11-05 00:00:00+00:00,0.23802,0.24715,0.23741,0.24531,678145.9,XRP
2020-11-06 00:00:00+00:00,0.24528,0.26123,0.24519,0.25854,1006496.5,XRP
2020-11-07 00:00:00+00:00,0.25878,0.26705,0.24456,0.25004,1093097.1,XRP
2020-11-08 00:00:00+00:00,0.24802,0.25656,0.24762,0.25392,552898.1,XRP
2020-11-09 00:00:00+00:00,0.25406,0.25566,0.24572,0.24994,419588.9,XRP
2020-11-10 00:00:00+00:00,0.24921,0.26451,0.24839,0.25352,930780.1,XRP
2020-11-11 00:00:00+00:00,0.25354,0.25983,0.25242,0.25572,456803.7,XRP
2020-11-12 00:00:00+00:00,0.25458,0.2579,0.25261,0.25465,680415.1,XRP
2020-11-13 00:00:00+00:00,0.25468,0.26549,0.25378,0.26528,1261489.7,XRP
2020-11-14 00:00:00+00:00,0.26615,0.2771,0.26188,0.26806,2422211.0,XRP
2020-11-15 00:00:00+00:00,0.26868,0.27662,0.2643,0.27013,1206562.3,XRP
2020-11-16 00:00:00+00:00,0.26879,0.28903,0.2678,0.28859,807066.8,XRP
2020-11-17 00:00:00+00:00,0.28841,0.30484,0.28769,0.30239,1988194.4,XRP
2020-11-18 00:00:00+00:00,0.30285,0.30802,0.28217,0.29396,2019134.5,XRP
2020-11-19 00:00:00+00:00,0.2938,0.30646,0.28448,0.30379,1367296.1,XRP
2020-11-20 00:00:00+00:00,0.30345,0.33061,0.29742,0.32988,1995692.3,XRP
2020-11-21 00:00:00+00:00,0.3297,0.46883,0.32948,0.46293,12983471.8,XRP
2020-11-22 00:00:00+00:00,0.46302,0.49643,0.40524,0.44576,26982790.0,XRP
2020-11-23 00:00:00+00:00,0.44665,0.62,0.43255,0.61484,7134400.2,XRP
2020-11-24 00:00:00+00:00,0.61648,0.78087,0.56862,0.693,13200211.8,XRP
2020-11-25 00:00:00+00:00,0.693,0.7228,0.58394,0.6319,9931526.4,XRP
2020-11-26 00:00:00+00:00,0.62971,0.651,0.45778,0.53603,10139771.8,XRP
2020-11-27 00:00:00+00:00,0.53638,0.5868,0.50294,0.563,5788534.9,XRP
2020-11-28 00:00:00+00:00,0.563,0.64923,0.53901,0.62617,4434364.8,XRP
2020-11-29 00:00:00+00:00,0.62643,0.63672,0.58192,0.60407,3440476.2,XRP
2020-11-30 00:00:00+00:00,0.6063,0.67806,0.59845,0.66478,5674291.6,XRP
2020-12-01 00:00:00+00:00,0.66355,0.68,0.58,0.61042,4148297.4,XRP
2020-12-02 00:00:00+00:00,0.61047,0.63612,0.59478,0.63021,2824323.9,XRP
2020-12-03 00:00:00+00:00,0.63256,0.6417,0.61533,0.63155,1627800.3,XRP
2020-12-04 00:00:00+00:00,0.62902,0.63446,0.54147,0.5535,4073151.4,XRP
2020-12-05 00:00:00+00:00,0.55287,0.596,0.54866,0.585,2933831.6,XRP
2020-12-06 00:00:00+00:00,0.58583,0.62779,0.57861,0.61927,4318807.1,XRP
2020-12-07 00:00:00+00:00,0.62274,0.62274,0.59107,0.60913,2410392.4,XRP
2020-12-08 00:00:00+00:00,0.60866,0.61081,0.54198,0.55944,3125494.0,XRP
2020-12-09 00:00:00+00:00,0.55767,0.60828,0.50447,0.58297,5902845.4,XRP
2020-12-10 00:00:00+00:00,0.58338,0.58855,0.55333,0.57207,3040856.8,XRP
2020-12-11 00:00:00+00:00,0.57359,0.59075,0.52832,0.54969,4785287.4,XRP
2020-12-12 00:00:00+00:00,0.55003,0.55003,0.48601,0.50554,5709615.8,XRP
2020-12-13 00:00:00+00:00,0.50497,0.52703,0.48586,0.51261,1855156.3,XRP
2020-12-14 00:00:00+00:00,0.51258,0.51901,0.48965,0.49812,1331414.2,XRP
2020-12-15 00:00:00+00:00,0.4989,0.50714,0.46496,0.46814,2224454.9,XRP
2020-12-16 00:00:00+00:00,0.46627,0.57367,0.43785,0.57137,6250223.2,XRP
2020-12-17 00:00:00+00:00,0.56932,0.65848,0.54,0.57823,8967611.9,XRP
2020-12-18 00:00:00+00:00,0.57775,0.61356,0.55127,0.58406,4396974.4,XRP
2020-12-19 00:00:00+00:00,0.58452,0.60336,0.56577,0.57692,2762092.4,XRP
2020-12-20 00:00:00+00:00,0.57629,0.58617,0.53146,0.55622,1803950.4,XRP
2020-12-21 00:00:00+00:00,0.55442,0.56907,0.49999,0.51407,2509000.3,XRP
2020-12-22 00:00:00+00:00,0.51544,0.52186,0.40354,0.44625,9520913.9,XRP
2020-12-23 00:00:00+00:00,0.44496,0.44892,0.21501,0.2608,38710398.9,XRP
2020-12-24 00:00:00+00:00,0.26033,0.39175,0.24062,0.33833,32674862.6,XRP
2020-12-25 00:00:00+00:00,0.33933,0.38513,0.28,0.31707,34034554.6,XRP
2020-12-26 00:00:00+00:00,0.31708,0.32757,0.28317,0.29428,11309797.1,XRP
2020-12-27 00:00:00+00:00,0.29478,0.31067,0.26618,0.28381,8554456.0,XRP
2020-12-28 00:00:00+00:00,0.28368,0.3098,0.23487,0.24816,9567477.5,XRP
2020-12-29 00:00:00+00:00,0.24868,0.25084,0.1735,0.22164,28101408.5,XRP
2020-12-30 00:00:00+00:00,0.22118,0.23636,0.19317,0.21127,15665333.8,XRP
2020-12-31 00:00:00+00:00,0.21102,0.22888,0.2052,0.21943,10323482.8,XRP
2021-01-01 00:00:00+00:00,0.21918,0.24983,0.216,0.2375,15956505.7,XRP
2021-01-02 00:00:00+00:00,0.23738,0.23796,0.21,0.22101,6975599.2,XRP
2021-01-03 00:00:00+00:00,0.22078,0.23843,0.215,0.22351,5885059.7,XRP
2021-01-04 00:00:00+00:00,0.22574,0.2614,0.2195,0.23576,8533376.0,XRP
2021-01-05 00:00:00+00:00,0.23614,0.24163,0.21756,0.22578,5303996.3,XRP
2021-01-06 00:00:00+00:00,0.22618,0.27436,0.22161,0.24883,10225047.5,XRP
2021-01-07 00:00:00+00:00,0.24833,0.37,0.24523,0.324,24104539.4,XRP
2021-01-08 00:00:00+00:00,0.32499,0.34576,0.28521,0.32134,13519430.7,XRP
2021-01-09 00:00:00+00:00,0.3204,0.33921,0.30582,0.32469,5336839.7,XRP
2021-01-10 00:00:00+00:00,0.32503,0.36837,0.289,0.31567,8533697.8,XRP
2021-01-11 00:00:00+00:00,0.31537,0.31537,0.25435,0.28757,6868858.0,XRP
2021-01-12 00:00:00+00:00,0.2878,0.30949,0.27817,0.29248,4609502.2,XRP
2021-01-13 00:00:00+00:00,0.29177,0.30502,0.28521,0.29691,2326492.8,XRP
2023-07-14 00:00:00+00:00,0.7725,2.0,0.56,0.72,432668.0,XRP
2023-07-15 00:00:00+00:00,0.7202,0.736,0.6937,0.7157,605759.0,XRP
2023-07-16 00:00:00+00:00,0.7197,0.7896,0.7026,0.7488,442580.0,XRP
2023-07-17 00:00:00+00:00,0.7488,0.7698,0.7155,0.739,722527.0,XRP
2023-07-18 00:00:00+00:00,0.7401,0.784,0.7323,0.7825,506176.0,XRP
2023-07-19 00:00:00+00:00,0.7774,0.85,0.7725,0.8211,1156976.0,XRP
2023-07-20 00:00:00+00:00,0.8211,0.848,0.7727,0.7948,867591.0,XRP
2023-07-21 00:00:00+00:00,0.7928,0.8,0.7612,0.7713,400296.0,XRP
2023-07-22 00:00:00+00:00,0.7707,0.7789,0.7243,0.7341,337099.0,XRP
2023-07-23 00:00:00+00:00,0.734,0.7513,0.7159,0.7402,515946.0,XRP
2023-07-24 00:00:00+00:00,0.7371,0.7424,0.6827,0.7016,738878.0,XRP
2023-07-25 00:00:00+00:00,0.7016,0.7142,0.6741,0.7098,692905.0,XRP
2023-07-26 00:00:00+00:00,0.7093,0.7304,0.6946,0.7164,463481.0,XRP
2023-07-27 00:00:00+00:00,0.7164,0.7317,0.7079,0.7145,305560.0,XRP
2023-07-28 00:00:00+00:00,0.7124,0.7184,0.7038,0.712,183977.0,XRP
2023-07-29 00:00:00+00:00,0.712,0.7152,0.7053,0.7126,239932.0,XRP
2023-07-30 00:00:00+00:00,0.7116,0.7358,0.6916,0.7061,249890.0,XRP
2023-07-31 00:00:00+00:00,0.7045,0.7205,0.6859,0.7002,217264.0,XRP
2023-08-01 00:00:00+00:00,0.6991,0.7079,0.6781,0.7069,217800.0,XRP
2023-08-02 00:00:00+00:00,0.7061,0.7072,0.6776,0.6861,304149.0,XRP
2023-08-03 00:00:00+00:00,0.6851,0.6885,0.6554,0.6666,153979.0,XRP
2023-08-04 00:00:00+00:00,0.6638,0.6668,0.628,0.6361,179897.0,XRP
2023-08-05 00:00:00+00:00,0.6356,0.6356,0.6113,0.6292,299534.0,XRP
2023-08-06 00:00:00+00:00,0.6288,0.6378,0.6223,0.6223,112608.0,XRP
2023-08-07 00:00:00+00:00,0.6252,0.629,0.6,0.623,339118.0,XRP
2023-08-08 00:00:00+00:00,0.6229,0.6483,0.6149,0.6411,649180.0,XRP
2023-08-09 00:00:00+00:00,0.6413,0.6651,0.6329,0.6436,690743.0,XRP
2023-08-10 00:00:00+00:00,0.6424,0.6447,0.625,0.6342,342437.0,XRP
2023-08-11 00:00:00+00:00,0.6333,0.6406,0.6264,0.6331,131015.0,XRP
2023-08-12 00:00:00+00:00,0.6306,0.633,0.6239,0.6276,246050.0,XRP
2023-08-13 00:00:00+00:00,0.6268,0.6376,0.6247,0.6267,95267.0,XRP
2023-08-14 00:00:00+00:00,0.6266,0.6365,0.6241,0.6353,137305.0,XRP
2023-08-15 00:00:00+00:00,0.6345,0.6345,0.5879,0.6102,265029.0,XRP
2023-08-16 00:00:00+00:00,0.6093,0.616,0.5726,0.589,268419.0,XRP
2023-08-17 00:00:00+00:00,0.589,0.594,0.487,0.5075,811596.0,XRP
2023-08-18 00:00:00+00:00,0.5076,0.5219,0.4841,0.5063,444288.0,XRP
2023-08-19 00:00:00+00:00,0.506,0.524,0.5011,0.5207,186956.0,XRP
2023-08-20 00:00:00+00:00,0.519,0.5571,0.5174,0.5385,266885.0,XRP
2023-08-21 00:00:00+00:00,0.538,0.5384,0.503,0.5252,127999.0,XRP
2023-08-22 00:00:00+00:00,0.5237,0.5245,0.5043,0.5216,203717.0,XRP
2023-08-23 00:00:00+00:00,0.521,0.5358,0.5165,0.53,95365.0,XRP
2023-08-24 00:00:00+00:00,0.5302,0.5316,0.5117,0.5173,73389.0,XRP
2023-08-25 00:00:00+00:00,0.5184,0.531,0.5082,0.5262,68080.0,XRP
2023-08-26 00:00:00+00:00,0.5251,0.5275,0.5186,0.5236,69612.0,XRP
2023-08-27 00:00:00+00:00,0.5236,0.5298,0.5183,0.5241,52588.0,XRP
2023-08-28 00:00:00+00:00,0.5231,0.5241,0.511,0.5234,122557.0,XRP
2023-08-29 00:00:00+00:00,0.5225,0.5488,0.5137,0.5399,205107.0,XRP
2023-08-30 00:00:00+00:00,0.5395,0.5395,0.5222,0.5284,109349.0,XRP
2023-08-31 00:00:00+00:00,0.528,0.5289,0.4966,0.5103,181004.0,XRP
2023-09-01 00:00:00+00:00,0.5113,0.5121,0.4873,0.4981,234237.0,XRP
2023-09-02 00:00:00+00:00,0.4976,0.5023,0.4948,0.4991,87051.0,XRP
2023-09-03 00:00:00+00:00,0.4981,0.51,0.4972,0.505,235650.0,XRP
2023-09-04 00:00:00+00:00,0.5045,0.5126,0.497,0.5084,324551.0,XRP
2023-09-05 00:00:00+00:00,0.5077,0.5077,0.4993,0.5057,220290.0,XRP
2023-09-06 00:00:00+00:00,0.5056,0.5056,0.4915,0.5036,178843.0,XRP
2023-09-07 00:00:00+00:00,0.5033,0.506,0.4973,0.505,125851.0,XRP
2023-09-08 00:00:00+00:00,0.5046,0.5071,0.4969,0.5054,146052.0,XRP
2023-09-09 00:00:00+00:00,0.5051,0.5051,0.5017,0.5037,89741.0,XRP
2023-09-10 00:00:00+00:00,0.5029,0.5029,0.4933,0.4982,183628.0,XRP
2023-09-11 00:00:00+00:00,0.4972,0.4973,0.4626,0.4745,329056.0,XRP
2023-09-12 00:00:00+00:00,0.4734,0.4858,0.4707,0.481,358343.0,XRP
2023-09-13 00:00:00+00:00,0.4804,0.4889,0.4734,0.4834,336256.0,XRP
2023-09-14 00:00:00+00:00,0.4825,0.4935,0.4802,0.4897,251239.0,XRP
2023-09-15 00:00:00+00:00,0.4894,0.5078,0.4883,0.5008,164765.0,XRP
2023-09-16 00:00:00+00:00,0.5004,0.5031,0.4974,0.499,192479.0,XRP
2023-09-17 00:00:00+00:00,0.4994,0.5002,0.49,0.4926,52161.0,XRP
2023-09-18 00:00:00+00:00,0.49,0.5072,0.4876,0.5028,102700.0,XRP
2023-09-19 00:00:00+00:00,0.5029,0.5163,0.501,0.5135,163404.0,XRP
2023-09-20 00:00:00+00:00,0.5134,0.5245,0.5071,0.5209,220251.0,XRP
2023-09-21 00:00:00+00:00,0.5204,0.5207,0.5007,0.5064,231790.0,XRP
2023-09-22 00:00:00+00:00,0.5072,0.5164,0.5041,0.512,92765.0,XRP
2023-09-23 00:00:00+00:00,0.5121,0.5135,0.5062,0.5075,51243.0,XRP
2023-09-24 00:00:00+00:00,0.5077,0.5115,0.4997,0.5026,126724.0,XRP
2023-09-25 00:00:00+00:00,0.502,0.5069,0.4917,0.505,156719.0,XRP
2023-09-26 00:00:00+00:00,0.5047,0.5069,0.4975,0.5017,182220.0,XRP
2023-09-27 00:00:00+00:00,0.5021,0.5066,0.4969,0.4997,165873.0,XRP
2023-09-28 00:00:00+00:00,0.4992,0.51,0.4957,0.5095,157071.0,XRP
2023-09-29 00:00:00+00:00,0.51,0.5491,0.5067,0.5221,327440.0,XRP
2023-09-30 00:00:00+00:00,0.52,0.52,0.5145,0.5149,87722.0,XRP
2023-10-01 00:00:00+00:00,0.5145,0.5258,0.5141,0.5245,317934.0,XRP
2023-10-02 00:00:00+00:00,0.5249,0.5259,0.5082,0.5119,278406.0,XRP
2023-10-03 00:00:00+00:00,0.5124,0.5478,0.5065,0.5382,198910.0,XRP
2023-10-04 00:00:00+00:00,0.5382,0.5414,0.5213,0.5325,282550.0,XRP
2023-10-05 00:00:00+00:00,0.5319,0.5319,0.5182,0.5235,188391.0,XRP
2023-10-06 00:00:00+00:00,0.5229,0.529,0.5176,0.5256,149724.0,XRP
2023-10-07 00:00:00+00:00,0.5255,0.5255,0.5203,0.5222,68916.0,XRP
2023-10-08 00:00:00+00:00,0.5219,0.5232,0.516,0.5177,57197.0,XRP
2023-10-09 00:00:00+00:00,0.5175,0.5195,0.4928,0.5029,263895.0,XRP
2023-10-10 00:00:00+00:00,0.5025,0.5025,0.4925,0.4974,274453.0,XRP
2023-10-11 00:00:00+00:00,0.4969,0.4972,0.4792,0.4889,204843.0,XRP
2023-10-12 00:00:00+00:00,0.4885,0.4887,0.4744,0.483,196300.0,XRP
2023-10-13 00:00:00+00:00,0.4829,0.49,0.4792,0.4856,146962.0,XRP
2023-10-14 00:00:00+00:00,0.485,0.4878,0.4839,0.4861,174121.0,XRP
2023-10-15 00:00:00+00:00,0.4861,0.4898,0.4855,0.4873,102752.0,XRP
2023-10-16 00:00:00+00:00,0.4873,0.5088,0.4856,0.4984,496010.0,XRP
2023-10-17 00:00:00+00:00,0.4976,0.4978,0.4852,0.4917,187911.0,XRP
2023-10-18 00:00:00+00:00,0.4911,0.4921,0.4863,0.4883,147868.0,XRP
2023-10-19 00:00:00+00:00,0.4871,0.5241,0.4782,0.5189,455884.0,XRP
2023-10-20 00:00:00+00:00,0.521,0.5302,0.5091,0.5157,623279.0,XRP
2023-10-21 00:00:00+00:00,0.5156,0.5313,0.5116,0.5203,473565.0,XRP
2023-10-22 00:00:00+00:00,0.5205,0.5239,0.5151,0.5227,129796.0,XRP
2023-10-23 00:00:00+00:00,0.5227,0.5535,0.5207,0.5469,763131.0,XRP
2023-10-24 00:00:00+00:00,0.547,0.5855,0.5364,0.5587,1042127.0,XRP
2023-10-25 00:00:00+00:00,0.5575,0.5628,0.5414,0.555,264983.0,XRP
2023-10-26 00:00:00+00:00,0.5556,0.5656,0.5435,0.5535,249433.0,XRP
2023-10-27 00:00:00+00:00,0.5531,0.5581,0.5384,0.5433,294728.0,XRP
2023-10-28 00:00:00+00:00,0.5436,0.5498,0.5401,0.5446,225099.0,XRP
2023-10-29 00:00:00+00:00,0.5446,0.5609,0.5416,0.556,138260.0,XRP
2023-10-30 00:00:00+00:00,0.5578,0.5836,0.5497,0.5778,246224.0,XRP
2023-10-31 00:00:00+00:00,0.5779,0.62,0.5631,0.5991,418119.0,XRP
2023-11-01 00:00:00+00:00,0.5972,0.6162,0.5808,0.609,407389.0,XRP
2023-11-02 00:00:00+00:00,0.6087,0.6254,0.5874,0.606,598252.0,XRP
2023-11-03 00:00:00+00:00,0.6043,0.6152,0.5923,0.6125,310794.0,XRP
2023-11-04 00:00:00+00:00,0.6121,0.6177,0.6091,0.6146,245161.0,XRP
2023-11-05 00:00:00+00:00,0.6164,0.6627,0.6135,0.6606,839346.0,XRP
2023-11-06 00:00:00+00:00,0.6618,0.7324,0.6582,0.7152,1225533.0,XRP
2023-11-07 00:00:00+00:00,0.7149,0.7149,0.6532,0.6861,1004954.0,XRP
2023-11-08 00:00:00+00:00,0.685,0.698,0.6733,0.6876,358129.0,XRP
2023-11-09 00:00:00+00:00,0.6866,0.7066,0.6388,0.6681,1033694.0,XRP
2023-11-10 00:00:00+00:00,0.6663,0.6704,0.64,0.6584,865011.0,XRP
2023-11-11 00:00:00+00:00,0.6589,0.6865,0.6418,0.6619,581433.0,XRP
2023-11-12 00:00:00+00:00,0.6632,0.671,0.6466,0.6608,202120.0,XRP
2023-11-13 00:00:00+00:00,0.661,0.7496,0.6419,0.6705,1079577.0,XRP
2023-11-14 00:00:00+00:00,0.669,0.6717,0.608,0.63,823075.0,XRP
2023-11-15 00:00:00+00:00,0.629,0.6497,0.6255,0.6484,346886.0,XRP
2023-11-16 00:00:00+00:00,0.6488,0.6524,0.6054,0.6132,524203.0,XRP
2023-11-17 00:00:00+00:00,0.6118,0.624,0.5863,0.6128,355077.0,XRP
2023-11-18 00:00:00+00:00,0.6123,0.6144,0.5895,0.6111,152477.0,XRP
2023-11-19 00:00:00+00:00,0.6094,0.6285,0.6018,0.6238,369078.0,XRP
2023-11-20 00:00:00+00:00,0.626,0.6282,0.6082,0.6127,242266.0,XRP
2023-11-21 00:00:00+00:00,0.6117,0.6176,0.5759,0.5801,450055.0,XRP
2023-11-22 00:00:00+00:00,0.5786,0.6147,0.5786,0.6115,416817.0,XRP
2023-11-23 00:00:00+00:00,0.6114,0.6235,0.6069,0.6201,361667.0,XRP
2023-11-24 00:00:00+00:00,0.6205,0.625,0.6161,0.6216,346031.0,XRP
2023-11-25 00:00:00+00:00,0.6197,0.6234,0.6157,0.6229,141452.0,XRP
2023-11-26 00:00:00+00:00,0.6228,0.6366,0.609,0.6163,243938.0,XRP
2023-11-27 00:00:00+00:00,0.616,0.6164,0.5949,0.6039,162563.0,XRP
2023-11-28 00:00:00+00:00,0.6029,0.6145,0.596,0.6109,372004.0,XRP
2023-11-29 00:00:00+00:00,0.6105,0.6164,0.6047,0.6092,192657.0,XRP
2023-11-30 00:00:00+00:00,0.6089,0.6098,0.5991,0.6061,150168.0,XRP
2023-12-01 00:00:00+00:00,0.6061,0.6139,0.6035,0.6128,113848.0,XRP
2023-12-02 00:00:00+00:00,0.6127,0.6229,0.6114,0.6211,300077.0,XRP
2023-12-03 00:00:00+00:00,0.6211,0.6337,0.6172,0.6245,416737.0,XRP
2023-12-04 00:00:00+00:00,0.6243,0.6435,0.59,0.6245,724222.0,XRP
2023-12-05 00:00:00+00:00,0.6244,0.6302,0.6084,0.6216,399534.0,XRP
2023-12-06 00:00:00+00:00,0.6212,0.6429,0.6114,0.6412,622885.0,XRP
2023-12-07 00:00:00+00:00,0.6398,0.6544,0.6223,0.6435,572135.0,XRP
2023-12-08 00:00:00+00:00,0.6434,0.6748,0.6378,0.6728,329633.0,XRP
2023-12-09 00:00:00+00:00,0.6728,0.6985,0.6543,0.6586,1097676.0,XRP
2023-12-10 00:00:00+00:00,0.6606,0.6711,0.6465,0.6616,202968.0,XRP
2023-12-11 00:00:00+00:00,0.6621,0.6628,0.6021,0.6198,760744.0,XRP
2023-12-12 00:00:00+00:00,0.6185,0.626,0.6074,0.6192,313353.0,XRP
2023-12-13 00:00:00+00:00,0.6188,0.6344,0.5955,0.6281,307501.0,XRP
2023-12-14 00:00:00+00:00,0.6277,0.6375,0.6142,0.6319,557961.0,XRP
2023-12-15 00:00:00+00:00,0.6312,0.6438,0.6123,0.6153,643671.0,XRP
2023-12-16 00:00:00+00:00,0.6163,0.6253,0.6106,0.6201,235495.0,XRP
2023-12-17 00:00:00+00:00,0.6208,0.6233,0.61,0.6104,301123.0,XRP
2023-12-18 00:00:00+00:00,0.6127,0.6137,0.58,0.6127,347829.0,XRP
2023-12-19 00:00:00+00:00,0.6108,0.6153,0.5979,0.6048,330176.0,XRP
2023-12-20 00:00:00+00:00,0.6045,0.6256,0.6014,0.6167,276804.0,XRP
2023-12-21 00:00:00+00:00,0.6155,0.6248,0.6103,0.6236,283918.0,XRP
2023-12-22 00:00:00+00:00,0.6239,0.63,0.6159,0.6246,419456.0,XRP
2023-12-23 00:00:00+00:00,0.6246,0.6246,0.6112,0.6199,155084.0,XRP
2023-12-24 00:00:00+00:00,0.619,0.629,0.6049,0.613,364009.0,XRP
2023-12-25 00:00:00+00:00,0.613,0.648,0.609,0.6459,599192.0,XRP
2023-12-26 00:00:00+00:00,0.6459,0.6464,0.6035,0.622,485389.0,XRP
2023-12-27 00:00:00+00:00,0.6221,0.6405,0.6142,0.6347,437932.0,XRP
2023-12-28 00:00:00+00:00,0.6347,0.6579,0.6259,0.6351,531268.0,XRP
2023-12-29 00:00:00+00:00,0.6351,0.6361,0.615,0.6229,660429.0,XRP
2023-12-30 00:00:00+00:00,0.623,0.6288,0.6161,0.6219,189391.0,XRP
2023-12-31 00:00:00+00:00,0.6208,0.6282,0.61,0.6145,142409.0,XRP
2024-01-01 00:00:00+00:00,0.6151,0.6299,0.609,0.6291,444993.0,XRP
2024-01-02 00:00:00+00:00,0.6291,0.6396,0.6222,0.6245,395144.0,XRP
2024-01-03 00:00:00+00:00,0.6258,0.6392,0.5477,0.5821,803307.0,XRP
2024-01-04 00:00:00+00:00,0.5809,0.5929,0.5702,0.5871,299150.0,XRP
2024-01-05 00:00:00+00:00,0.5869,0.5887,0.5559,0.5758,344253.0,XRP
2024-01-06 00:00:00+00:00,0.5746,0.5749,0.5574,0.5675,178087.0,XRP
2024-01-07 00:00:00+00:00,0.5675,0.5724,0.5463,0.5506,191786.0,XRP
2024-01-08 00:00:00+00:00,0.5522,0.582,0.5442,0.5765,702222.0,XRP
2024-01-09 00:00:00+00:00,0.5765,0.5808,0.5582,0.5673,599625.0,XRP
2024-01-10 00:00:00+00:00,0.5691,0.6129,0.55,0.6007,541282.0,XRP
2024-01-11 00:00:00+00:00,0.5982,0.6234,0.5867,0.6018,605687.0,XRP
2024-01-12 00:00:00+00:00,0.6027,0.6027,0.566,0.5713,337333.0,XRP
2024-01-13 00:00:00+00:00,0.5717,0.5774,0.5655,0.5757,55965.0,XRP
2024-01-14 00:00:00+00:00,0.5745,0.5922,0.5717,0.5772,165347.0,XRP
2024-01-15 00:00:00+00:00,0.5785,0.5881,0.5702,0.5764,118441.0,XRP
2024-01-16 00:00:00+00:00,0.5758,0.5798,0.5682,0.5763,126920.0,XRP
2024-01-17 00:00:00+00:00,0.5759,0.5906,0.5623,0.5682,394651.0,XRP
2024-01-18 00:00:00+00:00,0.569,0.5701,0.5467,0.5524,380813.0,XRP
2024-01-19 00:00:00+00:00,0.5525,0.5525,0.5237,0.5447,444622.0,XRP
2024-01-20 00:00:00+00:00,0.5447,0.5545,0.5397,0.5528,130633.0,XRP
2024-01-21 00:00:00+00:00,0.5534,0.5547,0.5464,0.5465,85081.0,XRP
2024-01-22 00:00:00+00:00,0.5478,0.5512,0.524,0.5276,236479.0,XRP
2024-01-23 00:00:00+00:00,0.5297,0.5314,0.498,0.5178,399423.0,XRP
2024-01-24 00:00:00+00:00,0.5175,0.5196,0.5118,0.5185,246150.0,XRP
2024-01-25 00:00:00+00:00,0.5173,0.5174,0.5037,0.5137,91875.0,XRP
2024-01-26 00:00:00+00:00,0.5135,0.5352,0.509,0.532,128035.0,XRP
2024-01-27 00:00:00+00:00,0.532,0.534,0.5269,0.5298,99479.0,XRP
2024-01-28 00:00:00+00:00,0.5301,0.535,0.5213,0.5243,74712.0,XRP
2024-01-29 00:00:00+00:00,0.524,0.5389,0.5199,0.535,220305.0,XRP
2024-01-30 00:00:00+00:00,0.5346,0.5378,0.508,0.5117,317042.0,XRP
2024-01-31 00:00:00+00:00,0.511,0.5139,0.4924,0.5038,341641.0,XRP
2024-02-01 00:00:00+00:00,0.5038,0.5104,0.4907,0.5063,385392.0,XRP
2024-02-02 00:00:00+00:00,0.5062,0.5136,0.4991,0.5104,212137.0,XRP
2024-02-03 00:00:00+00:00,0.5103,0.5267,0.5062,0.5186,259734.0,XRP
2024-02-04 00:00:00+00:00,0.518,0.5189,0.5009,0.5035,91265.0,XRP
2024-02-05 00:00:00+00:00,0.5029,0.5137,0.4973,0.507,71963.0,XRP
2024-02-06 00:00:00+00:00,0.5067,0.5107,0.499,0.5054,85279.0,XRP
2024-02-07 00:00:00+00:00,0.5051,0.5149,0.4996,0.5125,475793.0,XRP
2024-02-08 00:00:00+00:00,0.5125,0.5185,0.5086,0.5142,498884.0,XRP
2024-02-09 00:00:00+00:00,0.5149,0.5278,0.5144,0.5256,354455.0,XRP
2024-02-10 00:00:00+00:00,0.5259,0.5278,0.5185,0.5239,101825.0,XRP
2024-02-11 00:00:00+00:00,0.523,0.5353,0.5218,0.5259,196861.0,XRP
2024-02-12 00:00:00+00:00,0.5259,0.5369,0.5149,0.5321,239363.0,XRP
2024-02-13 00:00:00+00:00,0.5323,0.5334,0.5142,0.5248,240776.0,XRP
2024-02-14 00:00:00+00:00,0.5239,0.5416,0.5208,0.5382,331138.0,XRP
2024-02-15 00:00:00+00:00,0.5384,0.5764,0.5372,0.5627,494005.0,XRP
2024-02-16 00:00:00+00:00,0.5624,0.5776,0.5529,0.5644,1039002.0,XRP
2024-02-17 00:00:00+00:00,0.5635,0.5643,0.5398,0.5499,225229.0,XRP
2024-02-18 00:00:00+00:00,0.5494,0.5615,0.5466,0.5569,178497.0,XRP
2024-02-19 00:00:00+00:00,0.5569,0.5673,0.5543,0.5622,306505.0,XRP
2024-02-20 00:00:00+00:00,0.562,0.5744,0.5447,0.5627,769147.0,XRP
2024-02-21 00:00:00+00:00,0.5628,0.5628,0.5331,0.5491,435634.0,XRP
2024-02-22 00:00:00+00:00,0.5491,0.5518,0.5374,0.5407,438320.0,XRP
2024-02-23 00:00:00+00:00,0.5413,0.5438,0.5256,0.5354,292188.0,XRP
2024-02-24 00:00:00+00:00,0.5337,0.5474,0.5322,0.545,218514.0,XRP
2024-02-25 00:00:00+00:00,0.5446,0.5483,0.5423,0.5423,168105.0,XRP
2024-02-26 00:00:00+00:00,0.5425,0.5518,0.5294,0.5506,333164.0,XRP
2024-02-27 00:00:00+00:00,0.5506,0.5972,0.548,0.5866,1660341.0,XRP
2024-02-28 00:00:00+00:00,0.5889,0.6068,0.5489,0.5748,1564790.0,XRP
2024-02-29 00:00:00+00:00,0.5753,0.6252,0.5685,0.586,1105061.0,XRP
2024-03-01 00:00:00+00:00,0.5891,0.6022,0.5839,0.6006,405772.0,XRP
2024-03-02 00:00:00+00:00,0.6013,0.6486,0.6006,0.644,1456985.0,XRP
2024-03-03 00:00:00+00:00,0.6425,0.6425,0.6078,0.6266,630251.0,XRP
2024-03-04 00:00:00+00:00,0.6265,0.6647,0.6172,0.6466,1605216.0,XRP
2024-03-05 00:00:00+00:00,0.6465,0.668,0.542,0.5919,1962233.0,XRP
2024-03-06 00:00:00+00:00,0.5919,0.623,0.5763,0.6121,1012896.0,XRP
2024-03-07 00:00:00+00:00,0.6123,0.6379,0.6066,0.6278,953080.0,XRP
2024-03-08 00:00:00+00:00,0.6284,0.6336,0.6027,0.621,798228.0,XRP
2024-03-09 00:00:00+00:00,0.62,0.6314,0.6164,0.6192,621240.0,XRP
2024-03-10 00:00:00+00:00,0.6198,0.6274,0.5978,0.6087,839121.0,XRP
2024-03-11 00:00:00+00:00,0.6081,0.7437,0.5893,0.7202,3355414.0,XRP
2024-03-12 00:00:00+00:00,0.7226,0.7328,0.6629,0.6895,928343.0,XRP
2024-03-13 00:00:00+00:00,0.6885,0.7021,0.669,0.6893,1098715.0,XRP
2024-03-14 00:00:00+00:00,0.6883,0.7072,0.6396,0.6697,1447744.0,XRP
2024-03-15 00:00:00+00:00,0.671,0.6755,0.5986,0.6334,1095492.0,XRP
2024-03-16 00:00:00+00:00,0.6375,0.6477,0.5933,0.6045,763845.0,XRP
2024-03-17 00:00:00+00:00,0.6058,0.6241,0.5879,0.6192,356438.0,XRP
2024-03-18 00:00:00+00:00,0.618,0.6671,0.5952,0.6454,935549.0,XRP
2024-03-19 00:00:00+00:00,0.6451,0.6465,0.572,0.5859,1179296.0,XRP
2024-03-20 00:00:00+00:00,0.587,0.6179,0.5686,0.6116,827151.0,XRP
2024-03-21 00:00:00+00:00,0.6094,0.6543,0.5978,0.6404,856139.0,XRP
2024-03-22 00:00:00+00:00,0.6404,0.6454,0.5996,0.6113,943997.0,XRP
2024-03-23 00:00:00+00:00,0.6115,0.6443,0.6033,0.6169,561308.0,XRP
2024-03-24 00:00:00+00:00,0.6171,0.635,0.614,0.6337,337958.0,XRP
2024-03-25 00:00:00+00:00,0.6329,0.6627,0.625,0.6398,967271.0,XRP
2024-03-26 00:00:00+00:00,0.6406,0.6519,0.6257,0.6322,462349.0,XRP
2024-03-27 00:00:00+00:00,0.6321,0.6341,0.6064,0.6113,704666.0,XRP
2024-03-28 00:00:00+00:00,0.6121,0.6371,0.6038,0.6247,785740.0,XRP
2024-03-29 00:00:00+00:00,0.6246,0.645,0.6091,0.6295,528053.0,XRP
2024-03-30 00:00:00+00:00,0.6295,0.6367,0.6182,0.6218,404024.0,XRP
2024-03-31 00:00:00+00:00,0.621,0.629,0.621,0.629,172079.0,XRP
2024-04-01 00:00:00+00:00,0.6288,0.6321,0.5965,0.6107,587950.0,XRP
2024-04-02 00:00:00+00:00,0.6107,0.6177,0.58,0.5865,855146.0,XRP
2024-04-03 00:00:00+00:00,0.5876,0.5926,0.568,0.5757,995954.0,XRP
2024-04-04 00:00:00+00:00,0.5754,0.6165,0.564,0.5945,1031465.0,XRP
2024-04-05 00:00:00+00:00,0.5932,0.5945,0.5689,0.587,320571.0,XRP
2024-04-06 00:00:00+00:00,0.5867,0.5967,0.5854,0.5937,213549.0,XRP
2024-04-07 00:00:00+00:00,0.5928,0.6,0.59,0.594,337635.0,XRP
2024-04-08 00:00:00+00:00,0.5935,0.6262,0.59,0.6153,759898.0,XRP
2024-04-09 00:00:00+00:00,0.6151,0.6426,0.6018,0.6141,645901.0,XRP
2024-04-10 00:00:00+00:00,0.6141,0.6194,0.5925,0.6171,497330.0,XRP
2024-04-11 00:00:00+00:00,0.6169,0.6208,0.6035,0.6089,141003.0,XRP
2024-04-12 00:00:00+00:00,0.6083,0.6154,0.5243,0.5477,1097427.0,XRP
2024-04-13 00:00:00+00:00,0.5477,0.5488,0.4298,0.4784,980165.0,XRP
2024-04-14 00:00:00+00:00,0.4774,0.5164,0.465,0.5031,561917.0,XRP
2024-04-15 00:00:00+00:00,0.5029,0.5185,0.4825,0.4979,412109.0,XRP
2024-04-16 00:00:00+00:00,0.4986,0.5014,0.4761,0.4967,442034.0,XRP
2024-04-17 00:00:00+00:00,0.4961,0.507,0.4723,0.4949,173947.0,XRP
2024-04-18 00:00:00+00:00,0.4945,0.5051,0.486,0.5022,119635.0,XRP
2024-04-19 00:00:00+00:00,0.5002,0.5093,0.4673,0.5033,334732.0,XRP
2024-04-20 00:00:00+00:00,0.5028,0.5297,0.4989,0.5286,318077.0,XRP
2024-04-21 00:00:00+00:00,0.5265,0.5362,0.5179,0.5247,183934.0,XRP
2024-04-22 00:00:00+00:00,0.5258,0.5707,0.5225,0.5561,433751.0,XRP
2024-04-23 00:00:00+00:00,0.5555,0.5573,0.5403,0.5444,436499.0,XRP
2024-04-24 00:00:00+00:00,0.5442,0.5516,0.5197,0.5275,287651.0,XRP
2024-04-25 00:00:00+00:00,0.5267,0.5323,0.5145,0.5248,199230.0,XRP
2024-04-26 00:00:00+00:00,0.5258,0.5357,0.5151,0.5266,116709.0,XRP
2024-04-27 00:00:00+00:00,0.526,0.526,0.5101,0.519,415719.0,XRP
2024-04-28 00:00:00+00:00,0.5183,0.5252,0.5094,0.51,182087.0,XRP
2024-04-29 00:00:00+00:00,0.5119,0.5173,0.4993,0.5155,207143.0,XRP
2024-04-30 00:00:00+00:00,0.5149,0.5191,0.4891,0.5008,243951.0,XRP
2024-05-01 00:00:00+00:00,0.501,0.5209,0.48,0.5179,408674.0,XRP
2024-05-02 00:00:00+00:00,0.5185,0.5241,0.5069,0.5182,93373.0,XRP
2024-05-03 00:00:00+00:00,0.519,0.5361,0.5151,0.5315,183692.0,XRP
2024-05-04 00:00:00+00:00,0.5317,0.5397,0.5276,0.5298,172911.0,XRP
2024-05-05 00:00:00+00:00,0.5297,0.5329,0.5245,0.5299,41919.0,XRP
2024-05-06 00:00:00+00:00,0.5293,0.5699,0.5255,0.5406,216950.0,XRP
2024-05-07 00:00:00+00:00,0.5397,0.5439,0.5222,0.5248,113481.0,XRP
2024-05-08 00:00:00+00:00,0.5244,0.5388,0.5156,0.518,151746.0,XRP
2024-05-09 00:00:00+00:00,0.5169,0.5236,0.5094,0.5209,142431.0,XRP
2024-05-10 00:00:00+00:00,0.5209,0.5209,0.4963,0.5025,279982.0,XRP
2024-05-11 00:00:00+00:00,0.5028,0.5074,0.5013,0.5061,104974.0,XRP
2024-05-12 00:00:00+00:00,0.5057,0.5085,0.497,0.5001,81233.0,XRP
2024-05-13 00:00:00+00:00,0.5006,0.5118,0.48,0.5052,400225.0,XRP
2024-05-14 00:00:00+00:00,0.505,0.5124,0.4981,0.4998,121121.0,XRP
2024-05-15 00:00:00+00:00,0.5004,0.5196,0.497,0.5182,482859.0,XRP
2024-05-16 00:00:00+00:00,0.5187,0.5228,0.5124,0.516,200061.0,XRP
2024-05-17 00:00:00+00:00,0.5158,0.5286,0.514,0.5239,208262.0,XRP
2024-05-18 00:00:00+00:00,0.5237,0.525,0.5182,0.5224,156930.0,XRP
2024-05-19 00:00:00+00:00,0.5222,0.524,0.5074,0.5102,215143.0,XRP
2024-05-20 00:00:00+00:00,0.51,0.5377,0.5071,0.5376,595773.0,XRP
2024-05-21 00:00:00+00:00,0.5376,0.5566,0.5322,0.5372,523945.0,XRP
2024-05-22 00:00:00+00:00,0.5372,0.539,0.5228,0.5265,303542.0,XRP
2024-05-23 00:00:00+00:00,0.5265,0.5486,0.5084,0.5282,369077.0,XRP
2024-05-24 00:00:00+00:00,0.5287,0.537,0.5172,0.5353,158815.0,XRP
2024-05-25 00:00:00+00:00,0.5362,0.5421,0.5334,0.5413,133848.0,XRP
2024-05-26 00:00:00+00:00,0.5414,0.5416,0.5264,0.5284,87978.0,XRP
2024-05-27 00:00:00+00:00,0.5282,0.5402,0.5245,0.5342,362596.0,XRP
2024-05-28 00:00:00+00:00,0.534,0.5354,0.5222,0.5282,401552.0,XRP
2024-05-29 00:00:00+00:00,0.5282,0.533,0.5211,0.5242,227637.0,XRP
2024-05-30 00:00:00+00:00,0.5238,0.528,0.513,0.5194,280068.0,XRP
2024-05-31 00:00:00+00:00,0.519,0.5255,0.513,0.5175,83597.0,XRP
2024-06-01 00:00:00+00:00,0.5184,0.5215,0.5179,0.5186,61904.0,XRP
2024-06-02 00:00:00+00:00,0.5189,0.5202,0.5092,0.5136,224750.0,XRP
2024-06-03 00:00:00+00:00,0.5153,0.523,0.5134,0.5208,149522.0,XRP
2024-06-04 00:00:00+00:00,0.5209,0.529,0.5189,0.526,343022.0,XRP
2024-06-05 00:00:00+00:00,0.526,0.5319,0.5238,0.5252,247880.0,XRP
2024-06-06 00:00:00+00:00,0.5251,0.5281,0.517,0.5213,185264.0,XRP
2024-06-07 00:00:00+00:00,0.5214,0.5283,0.4582,0.4994,440176.0,XRP
2024-06-08 00:00:00+00:00,0.4983,0.5007,0.4902,0.4933,78480.0,XRP
2024-06-09 00:00:00+00:00,0.4929,0.4994,0.4916,0.4984,80229.0,XRP
2024-06-10 00:00:00+00:00,0.4984,0.5059,0.4939,0.4973,91332.0,XRP
2024-06-11 00:00:00+00:00,0.4967,0.4967,0.4712,0.4805,253772.0,XRP
2024-06-12 00:00:00+00:00,0.4807,0.4975,0.4749,0.4918,195879.0,XRP
2024-06-13 00:00:00+00:00,0.4908,0.4912,0.476,0.4781,122028.0,XRP
2024-06-14 00:00:00+00:00,0.4777,0.4812,0.4643,0.4743,230429.0,XRP
2024-06-15 00:00:00+00:00,0.4743,0.5052,0.4743,0.4916,116195.0,XRP
2024-06-16 00:00:00+00:00,0.4906,0.4991,0.473,0.4892,272665.0,XRP
2024-06-17 00:00:00+00:00,0.4872,0.5204,0.4845,0.5058,346603.0,XRP
2024-06-18 00:00:00+00:00,0.5052,0.5091,0.4697,0.4912,375006.0,XRP
2024-06-19 00:00:00+00:00,0.4903,0.4994,0.4873,0.4923,215002.0,XRP
2024-06-20 00:00:00+00:00,0.4923,0.5018,0.4887,0.4888,255855.0,XRP
2024-06-21 00:00:00+00:00,0.489,0.4956,0.48,0.489,216704.0,XRP
2024-06-22 00:00:00+00:00,0.4887,0.4894,0.4844,0.4869,83185.0,XRP
2024-06-23 00:00:00+00:00,0.4866,0.4892,0.4756,0.4795,217933.0,XRP
2024-06-24 00:00:00+00:00,0.4794,0.4819,0.4622,0.4745,323030.0,XRP
2024-06-25 00:00:00+00:00,0.4741,0.4797,0.4733,0.4754,137499.0,XRP
2024-06-26 00:00:00+00:00,0.4754,0.4776,0.4655,0.4695,108105.0,XRP
2024-06-27 00:00:00+00:00,0.4695,0.4767,0.4662,0.4752,113094.0,XRP
2024-06-28 00:00:00+00:00,0.4752,0.4808,0.4693,0.4716,111422.0,XRP
2024-06-29 00:00:00+00:00,0.4718,0.4769,0.4718,0.4724,22253.0,XRP
2024-06-30 00:00:00+00:00,0.4724,0.478,0.4704,0.4765,29250.0,XRP
2024-07-01 00:00:00+00:00,0.4761,0.4846,0.4757,0.4771,125205.0,XRP
2024-07-02 00:00:00+00:00,0.4766,0.4885,0.4761,0.485,200676.0,XRP
2024-07-03 00:00:00+00:00,0.4856,0.4869,0.4619,0.4673,97470.0,XRP
2024-07-04 00:00:00+00:00,0.4677,0.4695,0.4318,0.4326,269713.0,XRP
2024-07-05 00:00:00+00:00,0.4318,0.4318,0.3892,0.4253,219413.0,XRP
2024-07-06 00:00:00+00:00,0.4243,0.4495,0.4239,0.449,134011.0,XRP
2024-07-07 00:00:00+00:00,0.448,0.4487,0.4186,0.4186,114295.0,XRP
2024-07-08 00:00:00+00:00,0.4183,0.4431,0.4035,0.4323,158843.0,XRP
2024-07-09 00:00:00+00:00,0.431,0.4376,0.4275,0.4356,71414.0,XRP
2024-07-10 00:00:00+00:00,0.4356,0.4422,0.4318,0.4395,65492.0,XRP
2024-07-11 00:00:00+00:00,0.4386,0.454,0.4369,0.4488,114615.0,XRP
2024-07-12 00:00:00+00:00,0.4495,0.4774,0.4451,0.4744,194922.0,XRP
2024-07-13 00:00:00+00:00,0.4752,0.5653,0.475,0.5268,1128217.0,XRP
2024-07-14 00:00:00+00:00,0.524,0.5388,0.5141,0.5202,314673.0,XRP
2024-07-15 00:00:00+00:00,0.5205,0.54,0.5205,0.5362,214601.0,XRP
2024-07-16 00:00:00+00:00,0.5362,0.5926,0.5322,0.5787,1131563.0,XRP
2024-07-17 00:00:00+00:00,0.5796,0.6372,0.5787,0.6257,807183.0,XRP
2024-07-18 00:00:00+00:00,0.6265,0.6362,0.558,0.5698,675306.0,XRP
2024-07-19 00:00:00+00:00,0.5695,0.586,0.541,0.5738,448719.0,XRP
2024-07-20 00:00:00+00:00,0.5732,0.6042,0.5714,0.5955,320653.0,XRP
2024-07-21 00:00:00+00:00,0.5938,0.6075,0.5727,0.5979,537996.0,XRP
2024-07-22 00:00:00+00:00,0.5979,0.6231,0.5849,0.6071,652966.0,XRP
2024-07-23 00:00:00+00:00,0.608,0.6163,0.5806,0.5981,299869.0,XRP
2024-07-24 00:00:00+00:00,0.5977,0.632,0.5917,0.6179,515447.0,XRP
2024-07-25 00:00:00+00:00,0.6175,0.6253,0.5858,0.6009,372720.0,XRP
2024-07-26 00:00:00+00:00,0.6009,0.6096,0.587,0.6044,236513.0,XRP
2024-07-27 00:00:00+00:00,0.6028,0.6087,0.5859,0.5959,224691.0,XRP
2024-07-28 00:00:00+00:00,0.5955,0.6135,0.5917,0.6017,123886.0,XRP
2024-07-29 00:00:00+00:00,0.6021,0.6118,0.5926,0.6012,182518.0,XRP
2024-07-30 00:00:00+00:00,0.6017,0.6369,0.596,0.6344,781492.0,XRP
2024-07-31 00:00:00+00:00,0.6345,0.658,0.6223,0.623,1173715.0,XRP
2024-08-01 00:00:00+00:00,0.6236,0.6296,0.5685,0.5972,635049.0,XRP
2024-08-02 00:00:00+00:00,0.5956,0.5964,0.55,0.5625,714967.0,XRP
2024-08-03 00:00:00+00:00,0.5618,0.5781,0.5432,0.5586,343068.0,XRP
2024-08-04 00:00:00+00:00,0.5564,0.5589,0.514,0.5231,383650.0,XRP
2024-08-05 00:00:00+00:00,0.5227,0.5232,0.4324,0.4887,931559.0,XRP
2024-08-06 00:00:00+00:00,0.4883,0.5187,0.4882,0.5049,378768.0,XRP
2024-08-07 00:00:00+00:00,0.506,0.6439,0.4928,0.5998,1978010.0,XRP
2024-08-08 00:00:00+00:00,0.601,0.6419,0.5789,0.6168,1375283.0,XRP
2024-08-09 00:00:00+00:00,0.6171,0.6229,0.5697,0.5811,615604.0,XRP
2024-08-10 00:00:00+00:00,0.5803,0.6019,0.5782,0.586,332045.0,XRP
2024-08-11 00:00:00+00:00,0.586,0.593,0.5467,0.5532,346852.0,XRP
2024-08-12 00:00:00+00:00,0.5524,0.5849,0.5505,0.5682,614611.0,XRP
2024-08-13 00:00:00+00:00,0.5681,0.583,0.5629,0.5766,409508.0,XRP
2024-08-14 00:00:00+00:00,0.5769,0.582,0.5648,0.5682,158734.0,XRP
2024-08-15 00:00:00+00:00,0.5697,0.5736,0.5513,0.5609,160030.0,XRP
2024-08-16 00:00:00+00:00,0.5604,0.57,0.5539,0.5639,123913.0,XRP
2024-08-17 00:00:00+00:00,0.5639,0.5704,0.5605,0.5657,118193.0,XRP
2024-08-18 00:00:00+00:00,0.5658,0.583,0.5638,0.564,189793.0,XRP
2024-08-19 00:00:00+00:00,0.5635,0.6079,0.5613,0.598,971285.0,XRP
2024-08-20 00:00:00+00:00,0.5984,0.6147,0.5877,0.5946,409446.0,XRP
2024-08-21 00:00:00+00:00,0.5931,0.6047,0.5853,0.6001,302005.0,XRP
2024-08-22 00:00:00+00:00,0.6002,0.6037,0.593,0.5979,109381.0,XRP
2024-08-23 00:00:00+00:00,0.5973,0.6155,0.5917,0.611,492906.0,XRP
2024-08-24 00:00:00+00:00,0.6111,0.6304,0.6049,0.6129,342177.0,XRP
2024-08-25 00:00:00+00:00,0.6124,0.613,0.5956,0.6005,82359.0,XRP
2024-08-26 00:00:00+00:00,0.6005,0.6015,0.5797,0.587,161440.0,XRP
2024-08-27 00:00:00+00:00,0.5876,0.5998,0.5549,0.5674,278708.0,XRP
2024-08-28 00:00:00+00:00,0.5663,0.5847,0.5565,0.5696,301944.0,XRP
2024-08-29 00:00:00+00:00,0.569,0.5764,0.5577,0.5621,119021.0,XRP
2024-08-30 00:00:00+00:00,0.5614,0.5677,0.5468,0.5668,138238.0,XRP
2024-08-31 00:00:00+00:00,0.5668,0.5716,0.5629,0.5661,75014.0,XRP
2024-09-01 00:00:00+00:00,0.5664,0.5666,0.5423,0.5481,91146.0,XRP
2024-09-02 00:00:00+00:00,0.5476,0.5685,0.5448,0.5672,182747.0,XRP
2024-09-03 00:00:00+00:00,0.5669,0.572,0.5569,0.5571,147140.0,XRP
2024-09-04 00:00:00+00:00,0.5568,0.5644,0.5338,0.558,147830.0,XRP
2024-09-05 00:00:00+00:00,0.558,0.559,0.5405,0.5445,89435.0,XRP
2024-09-06 00:00:00+00:00,0.5446,0.5471,0.5033,0.5209,347442.0,XRP
2024-09-07 00:00:00+00:00,0.5217,0.5326,0.5196,0.5244,102673.0,XRP
2024-09-08 00:00:00+00:00,0.5244,0.531,0.5212,0.529,245481.0,XRP
2024-09-09 00:00:00+00:00,0.5294,0.5647,0.5273,0.539,284699.0,XRP
2024-09-10 00:00:00+00:00,0.5388,0.5422,0.5327,0.5402,164397.0,XRP
2024-09-11 00:00:00+00:00,0.5405,0.5405,0.5234,0.5351,89758.0,XRP
2024-09-12 00:00:00+00:00,0.5348,0.5877,0.5336,0.5618,476630.0,XRP
2024-09-13 00:00:00+00:00,0.5611,0.5743,0.5563,0.5721,205524.0,XRP
2024-09-14 00:00:00+00:00,0.5718,0.5988,0.5697,0.5959,597829.0,XRP
2024-09-15 00:00:00+00:00,0.5959,0.5959,0.57,0.5715,175144.0,XRP
2024-09-16 00:00:00+00:00,0.57,0.5906,0.5605,0.585,245810.0,XRP
2024-09-17 00:00:00+00:00,0.5868,0.5927,0.5793,0.5845,148561.0,XRP
2024-09-18 00:00:00+00:00,0.5837,0.585,0.5627,0.5842,235203.0,XRP
2024-09-19 00:00:00+00:00,0.5837,0.5938,0.581,0.5864,315887.0,XRP
2024-09-20 00:00:00+00:00,0.587,0.5925,0.5767,0.5852,217018.0,XRP
2024-09-21 00:00:00+00:00,0.5845,0.6121,0.5801,0.5981,325624.0,XRP
2024-09-22 00:00:00+00:00,0.5977,0.6051,0.5786,0.588,191938.0,XRP
2024-09-23 00:00:00+00:00,0.5874,0.5955,0.5793,0.585,229822.0,XRP
2024-09-24 00:00:00+00:00,0.5843,0.5924,0.5815,0.5916,318665.0,XRP
2024-09-25 00:00:00+00:00,0.5914,0.5951,0.5829,0.5835,100228.0,XRP
2024-09-26 00:00:00+00:00,0.5829,0.5958,0.5736,0.5887,452192.0,XRP
2024-09-27 00:00:00+00:00,0.5888,0.5967,0.5828,0.5884,472165.0,XRP
2024-09-28 00:00:00+00:00,0.589,0.6258,0.5861,0.6139,525326.0,XRP
2024-09-29 00:00:00+00:00,0.6128,0.6638,0.6058,0.6415,634951.0,XRP
2024-09-30 00:00:00+00:00,0.6419,0.6542,0.6093,0.6118,337122.0,XRP
2024-10-01 00:00:00+00:00,0.611,0.634,0.5773,0.5972,506697.0,XRP
2024-10-02 00:00:00+00:00,0.5963,0.6064,0.5278,0.5396,1049514.0,XRP
2024-10-03 00:00:00+00:00,0.5391,0.544,0.5076,0.5218,600193.0,XRP
2024-10-04 00:00:00+00:00,0.5222,0.5385,0.5155,0.5349,265411.0,XRP
2024-10-05 00:00:00+00:00,0.5351,0.5351,0.5263,0.5293,468589.0,XRP
2024-10-06 00:00:00+00:00,0.5287,0.5371,0.5284,0.5339,97639.0,XRP
2024-10-07 00:00:00+00:00,0.5332,0.5455,0.5291,0.5291,334001.0,XRP
2024-10-08 00:00:00+00:00,0.529,0.536,0.5216,0.5309,497762.0,XRP
2024-10-09 00:00:00+00:00,0.5308,0.5345,0.5216,0.525,76639.0,XRP
2024-10-10 00:00:00+00:00,0.5249,0.5446,0.523,0.5298,564616.0,XRP
2024-10-11 00:00:00+00:00,0.53,0.5419,0.53,0.5386,121979.0,XRP
2024-10-12 00:00:00+00:00,0.5385,0.5428,0.5341,0.5393,271491.0,XRP
2024-10-13 00:00:00+00:00,0.5396,0.5396,0.5256,0.5314,146066.0,XRP
2024-10-14 00:00:00+00:00,0.5317,0.55,0.5283,0.5472,213072.0,XRP
2024-10-15 00:00:00+00:00,0.5472,0.5551,0.5322,0.5413,374617.0,XRP
2024-10-16 00:00:00+00:00,0.5413,0.553,0.5377,0.548,182213.0,XRP
2024-10-17 00:00:00+00:00,0.548,0.566,0.5422,0.5442,273029.0,XRP
2024-10-18 00:00:00+00:00,0.5444,0.5527,0.5403,0.5468,423964.0,XRP
2024-10-19 00:00:00+00:00,0.5469,0.5497,0.5401,0.5437,273435.0,XRP
2024-10-20 00:00:00+00:00,0.5438,0.5486,0.5375,0.5476,180087.0,XRP
2024-10-21 00:00:00+00:00,0.5476,0.5602,0.5414,0.5447,242173.0,XRP
2024-10-22 00:00:00+00:00,0.545,0.5497,0.5292,0.5336,382719.0,XRP
2024-10-23 00:00:00+00:00,0.534,0.534,0.5122,0.5256,337843.0,XRP
2024-10-24 00:00:00+00:00,0.5259,0.5336,0.5247,0.5319,241741.0,XRP
2024-10-25 00:00:00+00:00,0.5315,0.5316,0.49,0.5028,330942.0,XRP
2024-10-26 00:00:00+00:00,0.5026,0.515,0.4991,0.513,176189.0,XRP
2024-10-27 00:00:00+00:00,0.5132,0.5173,0.5109,0.5162,50341.0,XRP
2024-10-28 00:00:00+00:00,0.5159,0.5212,0.5116,0.5198,383572.0,XRP
2024-10-29 00:00:00+00:00,0.5189,0.5306,0.5188,0.5276,129147.0,XRP
2024-10-30 00:00:00+00:00,0.5281,0.5283,0.5199,0.5231,90757.0,XRP
2024-10-31 00:00:00+00:00,0.5237,0.5237,0.5037,0.5096,275687.0,XRP
2024-11-01 00:00:00+00:00,0.5096,0.524,0.5025,0.5135,158241.0,XRP
2024-11-02 00:00:00+00:00,0.5132,0.5159,0.5069,0.5095,52821.0,XRP
2024-11-03 00:00:00+00:00,0.5106,0.5107,0.4923,0.5035,378009.0,XRP
2024-11-04 00:00:00+00:00,0.5023,0.514,0.4967,0.5031,66257.0,XRP
2024-11-05 00:00:00+00:00,0.5026,0.5174,0.5024,0.5134,152271.0,XRP
2024-11-06 00:00:00+00:00,0.5142,0.5464,0.5136,0.5419,580210.0,XRP
2024-11-07 00:00:00+00:00,0.542,0.5775,0.5383,0.5549,676271.0,XRP
2024-11-08 00:00:00+00:00,0.5549,0.5589,0.5418,0.5542,142855.0,XRP
2024-11-09 00:00:00+00:00,0.5531,0.5612,0.5441,0.5597,208363.0,XRP
2024-11-10 00:00:00+00:00,0.5592,0.6178,0.5554,0.5894,1128183.0,XRP
2024-11-11 00:00:00+00:00,0.5893,0.6322,0.5709,0.6208,1331684.0,XRP
2024-11-12 00:00:00+00:00,0.621,0.7382,0.5974,0.7036,2490281.0,XRP
2024-11-13 00:00:00+00:00,0.7036,0.7464,0.6411,0.6916,1203833.0,XRP
2024-11-14 00:00:00+00:00,0.6879,0.8476,0.6829,0.7703,2399879.0,XRP
2024-11-15 00:00:00+00:00,0.7735,0.9268,0.76,0.8934,3142551.0,XRP
2024-11-16 00:00:00+00:00,0.8902,1.2675,0.8789,1.1195,4134445.0,XRP
2024-11-17 00:00:00+00:00,1.1232,1.159,1.004,1.0548,1732298.0,XRP
2024-11-18 00:00:00+00:00,1.0557,1.1859,1.0557,1.115,2842433.0,XRP
2024-11-19 00:00:00+00:00,1.118,1.1466,1.05,1.1011,920736.0,XRP
2024-11-20 00:00:00+00:00,1.1011,1.1491,1.05,1.1036,1073013.0,XRP
2024-11-21 00:00:00+00:00,1.1036,1.26,1.0785,1.24,2701699.0,XRP
2024-11-22 00:00:00+00:00,1.24,1.4981,1.2,1.4714,4828886.0,XRP
2024-11-23 00:00:00+00:00,1.473,1.6297,1.4246,1.4705,3088538.0,XRP
2024-11-24 00:00:00+00:00,1.4623,1.5119,1.2887,1.4352,2249577.0,XRP
2024-11-25 00:00:00+00:00,1.4345,1.5375,1.3567,1.413,1402450.0,XRP
2024-11-26 00:00:00+00:00,1.4125,1.4578,1.2823,1.398,1172651.0,XRP
2024-11-27 00:00:00+00:00,1.396,1.5198,1.3534,1.4732,973763.0,XRP
2024-11-28 00:00:00+00:00,1.4669,1.5445,1.4327,1.5436,877740.0,XRP
2024-11-29 00:00:00+00:00,1.5436,1.8157,1.5252,1.7938,2453854.0,XRP
2024-11-30 00:00:00+00:00,1.8024,1.9574,1.7662,1.9536,2473342.0,XRP
2024-12-01 00:00:00+00:00,1.9536,2.3493,1.84,2.2943,2834787.0,XRP
2024-12-02 00:00:00+00:00,2.308,2.866,2.2279,2.7255,6710225.0,XRP
2024-12-03 00:00:00+00:00,2.7275,2.9066,2.33,2.5089,4298688.0,XRP
2024-12-04 00:00:00+00:00,2.5266,2.6714,2.28,2.3542,2832977.0,XRP
2024-12-05 00:00:00+00:00,2.355,2.4651,2.16,2.2492,3584093.0,XRP
2024-12-06 00:00:00+00:00,2.2411,2.4509,2.2288,2.4192,2017788.0,XRP
2024-12-07 00:00:00+00:00,2.4192,2.62,2.387,2.6175,2173449.0,XRP
2024-12-08 00:00:00+00:00,2.6167,2.6456,2.4845,2.6062,1558933.0,XRP
2024-12-09 00:00:00+00:00,2.6002,2.6002,2.06,2.2165,2577731.0,XRP
2024-12-10 00:00:00+00:00,2.21,2.43,1.8936,2.3782,4874287.0,XRP
2024-12-11 00:00:00+00:00,2.3713,2.4672,2.23,2.3999,2092283.0,XRP
2024-12-12 00:00:00+00:00,2.4015,2.4813,2.3065,2.3373,1767899.0,XRP
2024-12-13 00:00:00+00:00,2.3359,2.4761,2.2863,2.415,812467.0,XRP
2024-12-14 00:00:00+00:00,2.4234,2.5282,2.3583,2.3959,979688.0,XRP
2024-12-15 00:00:00+00:00,2.3984,2.4648,2.3672,2.4455,1136014.0,XRP
2024-12-16 00:00:00+00:00,2.4473,2.5843,2.3421,2.4877,2241494.0,XRP
2024-12-17 00:00:00+00:00,2.487,2.7564,2.4427,2.5685,2093607.0,XRP
2024-12-18 00:00:00+00:00,2.5692,2.5914,2.2585,2.3061,2555478.0,XRP
2024-12-19 00:00:00+00:00,2.3003,2.4266,2.1656,2.2397,2362554.0,XRP
2024-12-20 00:00:00+00:00,2.2397,2.3542,1.92,2.2808,1889795.0,XRP
2024-12-21 00:00:00+00:00,2.2778,2.3828,2.1948,2.2355,929297.0,XRP
2024-12-22 00:00:00+00:00,2.2377,2.2909,2.1581,2.2011,1288625.0,XRP
2024-12-23 00:00:00+00:00,2.2002,2.2763,2.08,2.2602,844275.0,XRP
2024-12-24 00:00:00+00:00,2.2627,2.3485,2.2164,2.3231,831598.0,XRP
2024-12-25 00:00:00+00:00,2.3208,2.3302,2.2638,2.298,217380.0,XRP
2024-12-26 00:00:00+00:00,2.2993,2.314,2.1308,2.157,578230.0,XRP
2024-12-27 00:00:00+00:00,2.157,2.235,2.117,2.1447,816528.0,XRP
2024-12-28 00:00:00+00:00,2.1459,2.2049,2.1368,2.1865,489430.0,XRP
2024-12-29 00:00:00+00:00,2.1849,2.1989,2.0708,2.0955,565626.0,XRP
2024-12-30 00:00:00+00:00,2.0909,2.1527,2.0,2.058,820645.0,XRP
2024-12-31 00:00:00+00:00,2.06,2.1476,2.0138,2.0801,511303.0,XRP
2025-01-01 00:00:00+00:00,2.0831,2.3535,2.0805,2.3243,993686.0,XRP
2025-01-02 00:00:00+00:00,2.334,2.45,2.334,2.401,1165525.0,XRP
2025-01-03 00:00:00+00:00,2.401,2.4775,2.398,2.4541,791075.0,XRP
2025-01-04 00:00:00+00:00,2.4622,2.5079,2.403,2.4181,997524.0,XRP
2025-01-05 00:00:00+00:00,2.4229,2.4275,2.3314,2.3987,523563.0,XRP
2025-01-06 00:00:00+00:00,2.3975,2.454,2.37,2.418,469891.0,XRP
2025-01-07 00:00:00+00:00,2.4185,2.4614,2.2592,2.2727,1320869.0,XRP
2025-01-08 00:00:00+00:00,2.269,2.3964,2.2029,2.3809,905236.0,XRP
2025-01-09 00:00:00+00:00,2.374,2.3935,2.2369,2.2781,457544.0,XRP
2025-01-10 00:00:00+00:00,2.2746,2.3679,2.2484,2.343,453875.0,XRP
2025-01-11 00:00:00+00:00,2.3409,2.6015,2.3272,2.5825,1137379.0,XRP
2025-01-12 00:00:00+00:00,2.5825,2.5846,2.47,2.5057,416679.0,XRP
2025-01-13 00:00:00+00:00,2.5059,2.5625,2.3348,2.5218,1346135.0,XRP
2025-01-14 00:00:00+00:00,2.5257,2.6974,2.5146,2.6772,1251255.0,XRP
2025-01-15 00:00:00+00:00,2.674,3.2,2.6543,3.145,2341465.0,XRP
2025-01-16 00:00:00+00:00,3.1417,3.3896,2.9256,3.2473,2761992.0,XRP
2025-01-17 00:00:00+00:00,3.2482,3.3509,3.18,3.2897,1035624.0,XRP
2025-01-18 00:00:00+00:00,3.2981,3.2981,3.0628,3.2767,1400960.0,XRP
2025-01-19 00:00:00+00:00,3.2675,3.2889,2.8601,2.9672,1331186.0,XRP
2025-01-20 00:00:00+00:00,2.9479,3.3683,2.9116,3.1041,1413911.0,XRP
2025-01-21 00:00:00+00:00,3.0908,3.24,3.0179,3.1709,818430.0,XRP
2025-01-22 00:00:00+00:00,3.1746,3.282,3.1357,3.1711,959189.0,XRP
2025-01-23 00:00:00+00:00,3.1768,3.1809,3.04,3.1223,823401.0,XRP
2025-01-24 00:00:00+00:00,3.1223,3.2048,3.056,3.1039,555741.0,XRP
2025-01-25 00:00:00+00:00,3.1001,3.1429,3.0811,3.1083,486802.0,XRP
2025-01-26 00:00:00+00:00,3.106,3.1454,3.0166,3.0337,689551.0,XRP
2025-01-27 00:00:00+00:00,3.0332,3.0572,2.6611,3.0561,2002943.0,XRP
2025-01-28 00:00:00+00:00,3.0484,3.2125,3.0088,3.0613,1022244.0,XRP
2025-01-29 00:00:00+00:00,3.0574,3.1327,2.9725,3.065,742102.0,XRP
2025-01-30 00:00:00+00:00,3.0744,3.15,3.05,3.1299,476082.0,XRP
2025-01-31 00:00:00+00:00,3.1296,3.1339,3.0033,3.0387,214005.0,XRP
2025-02-01 00:00:00+00:00,3.0345,3.0688,2.828,2.8779,800278.0,XRP
2025-02-02 00:00:00+00:00,2.8827,2.9524,2.4668,2.5683,2314234.0,XRP
2025-02-03 00:00:00+00:00,2.5808,2.7753,1.8156,2.6998,3428814.0,XRP
2025-02-04 00:00:00+00:00,2.7025,2.7864,2.4243,2.5268,1801403.0,XRP
2025-02-05 00:00:00+00:00,2.5224,2.5667,2.3428,2.3823,714026.0,XRP
2025-02-06 00:00:00+00:00,2.3829,2.4674,2.28,2.3281,902207.0,XRP
2025-02-07 00:00:00+00:00,2.3281,2.5376,2.2698,2.3958,1249761.0,XRP
2025-02-08 00:00:00+00:00,2.3854,2.4344,2.3531,2.4201,179641.0,XRP
2025-02-09 00:00:00+00:00,2.4193,2.5051,2.314,2.3974,951653.0,XRP
2025-02-10 00:00:00+00:00,2.3986,2.4684,2.326,2.4235,806446.0,XRP
2025-02-11 00:00:00+00:00,2.422,2.5269,2.3732,2.4133,790413.0,XRP
2025-02-12 00:00:00+00:00,2.4134,2.4916,2.3361,2.472,783439.0,XRP
2025-02-13 00:00:00+00:00,2.4745,2.6031,2.4194,2.5597,682724.0,XRP
2025-02-14 00:00:00+00:00,2.56,2.8316,2.5311,2.7358,1126639.0,XRP
2025-02-15 00:00:00+00:00,2.73,2.8301,2.7165,2.7627,356155.0,XRP
2025-02-16 00:00:00+00:00,2.764,2.8014,2.6933,2.7284,294242.0,XRP
2025-02-17 00:00:00+00:00,2.7261,2.7622,2.61,2.6615,442561.0,XRP
2025-02-18 00:00:00+00:00,2.6617,2.666,2.4714,2.5615,498743.0,XRP
2025-02-19 00:00:00+00:00,2.5642,2.7453,2.5125,2.7431,780807.0,XRP
2025-02-20 00:00:00+00:00,2.7419,2.7477,2.6696,2.6895,420442.0,XRP
2025-02-21 00:00:00+00:00,2.6891,2.712,2.5103,2.5688,671919.0,XRP
2025-02-22 00:00:00+00:00,2.5717,2.6087,2.5546,2.5758,169040.0,XRP
2025-02-23 00:00:00+00:00,2.5751,2.5986,2.5232,2.5704,145276.0,XRP
2025-02-24 00:00:00+00:00,2.5787,2.6,2.26,2.2743,1014775.0,XRP
2025-02-25 00:00:00+00:00,2.2807,2.3649,2.0673,2.3289,1412140.0,XRP
2025-02-26 00:00:00+00:00,2.3213,2.3288,2.1526,2.193,621885.0,XRP
2025-02-27 00:00:00+00:00,2.195,2.2542,2.1472,2.1997,892754.0,XRP
2025-02-28 00:00:00+00:00,2.1969,2.2012,1.9518,2.1482,1778726.0,XRP
2025-03-01 00:00:00+00:00,2.1467,2.2175,2.1213,2.1926,395797.0,XRP
2025-03-02 00:00:00+00:00,2.1926,2.99,2.1775,2.938,3002329.0,XRP
2025-03-03 00:00:00+00:00,2.9414,2.9651,2.3,2.387,1831991.0,XRP
2025-03-04 00:00:00+00:00,2.3833,2.5335,2.2152,2.4516,1158327.0,XRP
2025-03-05 00:00:00+00:00,2.456,2.54,2.4113,2.4974,1142246.0,XRP
2025-03-06 00:00:00+00:00,2.5005,2.6449,2.4737,2.6118,727530.0,XRP
2025-03-07 00:00:00+00:00,2.6111,2.6185,2.3493,2.3808,1328172.0,XRP
2025-03-08 00:00:00+00:00,2.3813,2.4102,2.3044,2.3209,412215.0,XRP
2025-03-09 00:00:00+00:00,2.3211,2.3482,2.0871,2.1324,1047714.0,XRP
2025-03-10 00:00:00+00:00,2.1382,2.257,1.9956,2.0163,1270409.0,XRP
2025-03-11 00:00:00+00:00,2.0259,2.2145,1.9014,2.169,1279176.0,XRP
2025-03-12 00:00:00+00:00,2.1748,2.273,2.1355,2.2426,1147208.0,XRP
2025-03-13 00:00:00+00:00,2.2419,2.337,2.2175,2.2538,1514420.0,XRP
2025-03-14 00:00:00+00:00,2.2504,2.3851,2.2399,2.355,799268.0,XRP
2025-03-15 00:00:00+00:00,2.3558,2.4739,2.3558,2.3914,525710.0,XRP
2025-03-16 00:00:00+00:00,2.3916,2.4079,2.2695,2.2985,857263.0,XRP
2025-03-17 00:00:00+00:00,2.2985,2.3772,2.2985,2.3387,437289.0,XRP
2025-03-18 00:00:00+00:00,2.3385,2.3385,2.221,2.2886,569930.0,XRP
2025-03-19 00:00:00+00:00,2.2855,2.5945,2.2676,2.5444,1796085.0,XRP
2025-03-20 00:00:00+00:00,2.5448,2.5541,2.3913,2.4276,686410.0,XRP
2025-03-21 00:00:00+00:00,2.4291,2.4648,2.3588,2.3818,210038.0,XRP
2025-03-22 00:00:00+00:00,2.3802,2.415,2.362,2.3654,49703.0,XRP
2025-03-23 00:00:00+00:00,2.3654,2.4373,2.3637,2.4373,176504.0,XRP
2025-03-24 00:00:00+00:00,2.4334,2.4993,2.4164,2.4514,322155.0,XRP
2025-03-25 00:00:00+00:00,2.4487,2.473,2.4104,2.4528,387125.0,XRP
2025-03-26 00:00:00+00:00,2.4466,2.4765,2.3317,2.3484,517973.0,XRP
2025-03-27 00:00:00+00:00,2.349,2.3874,2.3053,2.342,313679.0,XRP
2025-03-28 00:00:00+00:00,2.3422,2.3422,2.1,2.2049,920012.0,XRP
2025-03-29 00:00:00+00:00,2.2082,2.2214,2.0617,2.1367,649714.0,XRP
2025-03-30 00:00:00+00:00,2.1274,2.2111,2.1113,2.1331,247962.0,XRP
2025-03-31 00:00:00+00:00,2.1274,2.1371,2.0255,2.0911,208206.0,XRP
2025-04-01 00:00:00+00:00,2.0897,2.1943,2.0667,2.1373,615745.0,XRP
2025-04-02 00:00:00+00:00,2.1342,2.4043,1.99,2.0246,1299381.0,XRP
2025-04-03 00:00:00+00:00,2.0179,2.0807,1.9629,2.0631,652018.0,XRP
2025-04-04 00:00:00+00:00,2.0615,2.1568,2.0179,2.126,360567.0,XRP
2025-04-05 00:00:00+00:00,2.1315,2.1725,2.1154,2.1452,271129.0,XRP
2025-04-06 00:00:00+00:00,2.1462,2.157,1.8639,1.9197,1116676.0,XRP
2025-04-07 00:00:00+00:00,1.9203,2.0033,1.6169,1.8979,2442007.0,XRP
2025-04-08 00:00:00+00:00,1.8989,1.9738,1.7792,1.7943,1217932.0,XRP
2025-04-09 00:00:00+00:00,1.7846,2.0869,1.7232,2.0547,2447294.0,XRP
2025-04-10 00:00:00+00:00,2.0481,2.0481,1.925,1.9673,1307942.0,XRP
2025-04-11 00:00:00+00:00,1.9655,2.0625,1.9489,2.0274,456606.0,XRP
2025-04-12 00:00:00+00:00,2.0229,2.1813,2.003,2.1588,580265.0,XRP
2025-04-13 00:00:00+00:00,2.1534,2.2451,2.0826,2.1183,454041.0,XRP
2025-04-14 00:00:00+00:00,2.1176,2.1782,2.1063,2.126,275041.0,XRP
2025-04-15 00:00:00+00:00,2.1265,2.1833,2.0888,2.0889,254263.0,XRP
2025-04-16 00:00:00+00:00,2.0891,2.1237,2.0378,2.0834,209878.0,XRP
2025-04-17 00:00:00+00:00,2.0842,2.1147,2.0576,2.0683,191051.0,XRP
2025-04-18 00:00:00+00:00,2.0682,2.0865,2.0477,2.0633,187260.0,XRP
2025-04-19 00:00:00+00:00,2.0621,2.0981,2.06,2.0877,269057.0,XRP
2025-04-20 00:00:00+00:00,2.0864,2.0922,2.0414,2.0777,183575.0,XRP
2025-04-21 00:00:00+00:00,2.0808,2.1388,2.062,2.0855,260497.0,XRP
2025-04-22 00:00:00+00:00,2.0802,2.2498,2.07,2.2132,604147.0,XRP
2025-04-23 00:00:00+00:00,2.2228,2.2996,2.195,2.2198,704479.0,XRP
2025-04-24 00:00:00+00:00,2.2202,2.2325,2.13,2.2066,483923.0,XRP
2025-04-25 00:00:00+00:00,2.2057,2.2178,2.1635,2.1833,317950.0,XRP
2025-04-26 00:00:00+00:00,2.1849,2.2461,2.1836,2.1893,222643.0,XRP
2025-04-27 00:00:00+00:00,2.2003,2.2927,2.1614,2.2542,610073.0,XRP
2025-04-28 00:00:00+00:00,2.2521,2.3575,2.22,2.2944,630605.0,XRP
2025-04-29 00:00:00+00:00,2.2967,2.3132,2.222,2.2428,444116.0,XRP
2025-04-30 00:00:00+00:00,2.2375,2.2548,2.1257,2.191,487451.0,XRP
2025-05-01 00:00:00+00:00,2.1901,2.2536,2.1899,2.2117,395590.0,XRP
2025-05-02 00:00:00+00:00,2.213,2.2392,2.1942,2.2085,305156.0,XRP
2025-05-03 00:00:00+00:00,2.2084,2.2184,2.1789,2.1933,201927.0,XRP
2025-05-04 00:00:00+00:00,2.1896,2.2172,2.1523,2.1555,171536.0,XRP
2025-05-05 00:00:00+00:00,2.1629,2.195,2.1087,2.1338,475028.0,XRP
2025-05-06 00:00:00+00:00,2.1319,2.1522,2.074,2.1522,486765.0,XRP
2025-05-07 00:00:00+00:00,2.1522,2.1658,2.106,2.1295,197471.0,XRP
2025-05-08 00:00:00+00:00,2.1266,2.3266,2.1169,2.3218,1065104.0,XRP
2025-05-09 00:00:00+00:00,2.3269,2.49,2.29,2.3471,977651.0,XRP
2025-05-10 00:00:00+00:00,2.3447,2.475,2.3372,2.4691,233042.0,XRP
2025-05-11 00:00:00+00:00,2.4706,2.4828,2.3302,2.3648,496899.0,XRP
2025-05-12 00:00:00+00:00,2.3659,2.6534,2.3536,2.5439,1398360.0,XRP
2025-05-13 00:00:00+00:00,2.5442,2.6038,2.4236,2.5838,447488.0,XRP
2025-05-14 00:00:00+00:00,2.5861,2.6479,2.5248,2.5531,556896.0,XRP
2025-05-15 00:00:00+00:00,2.5527,2.5714,2.32,2.3842,558193.0,XRP
2025-05-16 00:00:00+00:00,2.3838,2.4381,2.3487,2.3787,290809.0,XRP
2025-05-17 00:00:00+00:00,2.3789,2.389,2.3,2.3525,680647.0,XRP
2025-05-18 00:00:00+00:00,2.3539,2.4479,2.3356,2.4292,575530.0,XRP
2025-05-19 00:00:00+00:00,2.4285,2.4357,2.2857,2.3829,383433.0,XRP
2025-05-20 00:00:00+00:00,2.3798,2.4061,2.3182,2.3563,158506.0,XRP
2025-05-21 00:00:00+00:00,2.3556,2.4251,2.3329,2.3974,279364.0,XRP
2025-05-22 00:00:00+00:00,2.3959,2.453,2.3891,2.4314,215136.0,XRP
2025-05-23 00:00:00+00:00,2.4306,2.4765,2.287,2.2978,401182.0,XRP
2025-05-24 00:00:00+00:00,2.2975,2.3588,2.29,2.3325,62184.0,XRP
2025-05-25 00:00:00+00:00,2.3316,2.3432,2.268,2.3404,305586.0,XRP
2025-05-26 00:00:00+00:00,2.342,2.3575,2.2957,2.3033,290843.0,XRP
2025-05-27 00:00:00+00:00,2.3089,2.35,2.27,2.3169,182671.6,XRP
2025-05-28 00:00:00+00:00,2.317,2.3231,2.2292,2.2756,241204.2,XRP
2025-05-29 00:00:00+00:00,2.2739,2.3101,2.241,2.241,173389.5,XRP
2025-05-30 00:00:00+00:00,2.2456,2.2523,2.1312,2.1373,331481.5,XRP
2025-05-31 00:00:00+00:00,2.1387,2.2028,2.081,2.1728,177741.2,XRP
2025-06-01 00:00:00+00:00,2.1727,2.1862,2.125,2.1821,202493.3,XRP
2025-06-02 00:00:00+00:00,2.1777,2.2051,2.1381,2.1979,124069.3,XRP
2025-06-03 00:00:00+00:00,2.1945,2.2797,2.186,2.244,426117.2,XRP
2025-06-04 00:00:00+00:00,2.244,2.2645,2.1944,2.2037,635796.4,XRP
2025-06-05 00:00:00+00:00,2.1984,2.2223,2.0621,2.0934,682721.9,XRP
2025-06-06 00:00:00+00:00,2.0927,2.1899,2.0835,2.1627,471308.3,XRP
2025-06-07 00:00:00+00:00,2.16,2.1894,2.1482,2.1775,137282.7,XRP
2025-06-08 00:00:00+00:00,2.1733,2.2937,2.1677,2.2639,515022.7,XRP
2025-06-09 00:00:00+00:00,2.2654,2.3228,2.2237,2.3156,326996.5,XRP
2025-06-10 00:00:00+00:00,2.3155,2.3214,2.2631,2.3046,459554.4,XRP
2025-06-11 00:00:00+00:00,2.3038,2.3345,2.2538,2.2662,418565.0,XRP
2025-06-12 00:00:00+00:00,2.2657,2.2676,2.1722,2.196,449433.7,XRP
2025-06-13 00:00:00+00:00,2.1874,2.1874,2.0848,2.1496,712992.9,XRP
2025-06-14 00:00:00+00:00,2.1458,2.1769,2.1133,2.1408,97825.7,XRP
2025-06-15 00:00:00+00:00,2.1409,2.1747,2.139,2.1699,79754.1,XRP
2025-06-16 00:00:00+00:00,2.1619,2.3344,2.1536,2.2315,831395.5,XRP
2025-06-17 00:00:00+00:00,2.232,2.2552,2.1448,2.1654,669811.2,XRP
2025-06-18 00:00:00+00:00,2.1627,2.1783,2.12,2.1663,424524.6,XRP
2025-06-19 00:00:00+00:00,2.1714,2.1821,2.1467,2.1661,36886.6,XRP
2025-06-20 00:00:00+00:00,2.1642,2.1779,2.0881,2.1205,236301.6,XRP
2025-06-21 00:00:00+00:00,2.1181,2.1432,2.0175,2.063,528916.2,XRP
2025-06-22 00:00:00+00:00,2.063,2.0872,1.9101,2.0132,637375.7,XRP
2025-06-23 00:00:00+00:00,2.0161,2.1733,1.9641,2.165,538236.8,XRP
2025-06-24 00:00:00+00:00,2.1598,2.2147,2.132,2.1884,204734.9,XRP
2025-06-25 00:00:00+00:00,2.19,2.2276,2.1732,2.1856,228252.9,XRP
2025-06-26 00:00:00+00:00,2.1872,2.2099,2.0982,2.1049,615177.6,XRP
2025-06-27 00:00:00+00:00,2.1055,2.1525,2.0694,2.1408,378393.7,XRP
2025-06-28 00:00:00+00:00,2.1432,2.206,2.1336,2.1858,377140.5,XRP
2025-06-29 00:00:00+00:00,2.1852,2.2188,2.1758,2.207,85982.8,XRP
2025-06-30 00:00:00+00:00,2.2068,2.3257,2.1676,2.2368,614191.0,XRP
2025-07-01 00:00:00+00:00,2.2361,2.2515,2.1491,2.1715,540387.1,XRP
2025-07-02 00:00:00+00:00,2.1771,2.288,2.1574,2.233,550131.0,XRP
2025-07-03 00:00:00+00:00,2.2345,2.3101,2.2269,2.258,220640.4,XRP
2025-07-04 00:00:00+00:00,2.2562,2.2682,2.1971,2.2197,392911.1,XRP
2025-07-05 00:00:00+00:00,2.2202,2.2324,2.2032,2.2204,208793.4,XRP
2025-07-06 00:00:00+00:00,2.2204,2.2893,2.2117,2.2732,328473.8,XRP
2025-07-07 00:00:00+00:00,2.2708,2.3517,2.2576,2.2743,483037.3,XRP
2025-07-08 00:00:00+00:00,2.2711,2.32,2.25,2.31,276838.5,XRP
2025-07-09 00:00:00+00:00,2.3078,2.426,2.2992,2.404,684353.5,XRP
2025-07-10 00:00:00+00:00,2.4024,2.56,2.3947,2.5514,600995.8,XRP
2025-07-11 00:00:00+00:00,2.5454,2.9711,2.5106,2.7324,1584085.8,XRP
2025-07-12 00:00:00+00:00,2.7332,2.8438,2.6657,2.7394,429925.1,XRP
2025-07-13 00:00:00+00:00,2.7405,2.8894,2.7241,2.8377,472312.2,XRP
2025-07-14 00:00:00+00:00,2.8335,3.0302,2.8242,2.9617,1177091.1,XRP
2025-07-15 00:00:00+00:00,2.9593,2.9593,2.8042,2.9152,503187.8,XRP
2025-07-16 00:00:00+00:00,2.9174,3.0981,2.8796,3.0382,858450.1,XRP
2025-07-17 00:00:00+00:00,3.0382,3.5462,2.9908,3.4859,2104025.5,XRP
2025-07-18 00:00:00+00:00,3.4868,3.6616,3.3466,3.42,1583613.7,XRP
2025-07-19 00:00:00+00:00,3.416,3.4843,3.3578,3.423,453021.2,XRP
2025-07-20 00:00:00+00:00,3.423,3.5556,3.388,3.4603,460187.0,XRP
2025-07-21 00:00:00+00:00,3.4512,3.6472,3.4104,3.5587,442748.3,XRP
2025-07-22 00:00:00+00:00,3.5551,3.5773,3.4257,3.5531,404261.8,XRP
2025-07-23 00:00:00+00:00,3.5487,3.5487,3.0506,3.18,1390962.0,XRP
2025-07-24 00:00:00+00:00,3.1747,3.2633,2.9687,3.1492,905895.1,XRP
2025-07-25 00:00:00+00:00,3.1497,3.1612,3.0029,3.1429,512389.4,XRP
2025-07-26 00:00:00+00:00,3.1427,3.2172,3.112,3.1655,119167.7,XRP
2025-07-27 00:00:00+00:00,3.1673,3.248,3.1572,3.2414,125897.0,XRP
2025-07-28 00:00:00+00:00,3.2367,3.3275,3.1105,3.1203,273123.0,XRP
2025-07-29 00:00:00+00:00,3.1264,3.1812,3.0559,3.1301,280576.3,XRP
2025-07-30 00:00:00+00:00,3.1285,3.1628,3.0032,3.0981,633950.9,XRP
2025-07-31 00:00:00+00:00,3.0937,3.1746,3.0115,3.0206,527279.5,XRP
2025-08-01 00:00:00+00:00,3.0225,3.0568,2.8967,2.9611,884577.0,XRP
2025-08-02 00:00:00+00:00,2.9569,3.0186,2.7445,2.7648,985048.4,XRP
2025-08-03 00:00:00+00:00,2.7648,2.9637,2.732,2.951,340666.3,XRP
2025-08-04 00:00:00+00:00,2.9519,3.0872,2.9356,3.0729,563345.7,XRP
2025-08-05 00:00:00+00:00,3.0756,3.104,2.9173,2.9643,229357.4,XRP
2025-08-06 00:00:00+00:00,2.96,3.0179,2.9037,2.9891,211254.0,XRP
2025-08-07 00:00:00+00:00,2.9913,3.3279,2.965,3.3208,716620.5,XRP
2025-08-08 00:00:00+00:00,3.3218,3.3816,3.2095,3.2915,478005.9,XRP
2025-08-09 00:00:00+00:00,3.2852,3.3436,3.2127,3.2224,337018.4,XRP
2025-08-10 00:00:00+00:00,3.2212,3.2778,3.1567,3.1902,200971.8,XRP
2025-08-11 00:00:00+00:00,3.1839,3.3299,3.12,3.132,762948.7,XRP
2025-08-12 00:00:00+00:00,3.132,3.3021,3.1056,3.2657,279301.0,XRP
2025-08-13 00:00:00+00:00,3.2675,3.3322,3.2043,3.2768,305827.8,XRP
2025-08-14 00:00:00+00:00,3.2729,3.3479,3.0333,3.0815,830339.3,XRP
2025-08-15 00:00:00+00:00,3.0802,3.1354,3.0064,3.0752,388258.7,XRP
2025-08-16 00:00:00+00:00,3.0778,3.1541,3.0717,3.1063,177483.2,XRP
2025-08-17 00:00:00+00:00,3.1061,3.1467,3.08,3.0877,112418.4,XRP
2025-08-18 00:00:00+00:00,3.0871,3.0942,2.9429,3.0565,673610.2,XRP
2025-08-19 00:00:00+00:00,3.0568,3.077,2.8476,2.8547,426681.2,XRP
2025-08-20 00:00:00+00:00,2.86,2.9905,2.8217,2.9525,379996.0,XRP
2025-08-21 00:00:00+00:00,2.9525,2.9548,2.8422,2.8524,437786.2,XRP
2025-08-22 00:00:00+00:00,2.8527,3.1,2.7846,3.0759,587388.2,XRP
2025-08-23 00:00:00+00:00,3.0759,3.0759,2.97,3.0485,296821.7,XRP
2025-08-24 00:00:00+00:00,3.0509,3.1249,2.991,3.0238,391730.1,XRP
2025-08-25 00:00:00+00:00,3.0288,3.0527,2.8279,2.8637,804133.0,XRP
2025-08-26 00:00:00+00:00,2.8587,3.0804,2.8501,3.0131,577303.3,XRP
2025-08-27 00:00:00+00:00,3.0119,3.0438,2.9641,2.9641,484195.3,XRP
2025-08-28 00:00:00+00:00,2.9727,3.0246,2.9507,2.9652,443659.8,XRP
2025-08-29 00:00:00+00:00,2.9656,2.97,2.777,2.8212,857892.3,XRP
2025-08-30 00:00:00+00:00,2.8187,2.8351,2.7629,2.8194,89335.7,XRP
2025-08-31 00:00:00+00:00,2.82,2.8673,2.7737,2.7773,105390.3,XRP
2025-09-01 00:00:00+00:00,2.7758,2.8375,2.7025,2.7501,228828.8,XRP
2025-09-02 00:00:00+00:00,2.7571,2.8609,2.7502,2.8609,198244.9,XRP
2025-09-03 00:00:00+00:00,2.8573,2.887,2.8165,2.8465,207078.2,XRP
2025-09-04 00:00:00+00:00,2.8491,2.8615,2.75,2.7962,561906.0,XRP
2025-09-05 00:00:00+00:00,2.7976,2.8819,2.78,2.8151,329480.7,XRP
2025-09-06 00:00:00+00:00,2.8151,2.8274,2.7937,2.8097,34502.7,XRP
2025-09-07 00:00:00+00:00,2.8124,2.9238,2.8107,2.8759,172022.6,XRP
2025-09-08 00:00:00+00:00,2.8806,2.9944,2.863,2.9691,217978.6,XRP
2025-09-09 00:00:00+00:00,2.972,3.0367,2.9334,2.948,131875.6,XRP
2025-09-10 00:00:00+00:00,2.95,3.02,2.94,2.9818,206251.1,XRP
2025-09-11 00:00:00+00:00,2.98,3.047,2.9596,3.0413,157520.4,XRP
2025-09-12 00:00:00+00:00,3.0418,3.1367,3.0178,3.1063,300710.9,XRP
2025-09-13 00:00:00+00:00,3.1066,3.18,3.0907,3.1203,243422.3,XRP
2025-09-14 00:00:00+00:00,3.1195,3.1255,3.011,3.0355,191629.6,XRP
2025-09-15 00:00:00+00:00,3.0296,3.0685,2.9577,2.9989,161623.5,XRP
2025-09-16 00:00:00+00:00,2.9955,3.0564,2.9686,3.0382,116187.2,XRP
2025-09-17 00:00:00+00:00,3.0385,3.1034,2.9856,3.0833,237352.1,XRP
2025-09-18 00:00:00+00:00,3.085,3.1345,3.0585,3.0717,602463.3,XRP
2025-09-19 00:00:00+00:00,3.0717,3.0931,2.9822,2.9949,391182.8,XRP
2025-09-20 00:00:00+00:00,2.992,3.0091,2.9686,2.9805,473157.1,XRP
2025-09-21 00:00:00+00:00,2.9807,3.0122,2.955,2.9715,717643.9,XRP
2025-09-22 00:00:00+00:00,2.9701,2.9759,2.71,2.8513,941171.6,XRP
2025-09-23 00:00:00+00:00,2.8521,2.8933,2.7994,2.8288,376396.9,XRP
2025-09-24 00:00:00+00:00,2.8287,2.9933,2.792,2.9255,393724.8,XRP
2025-09-25 00:00:00+00:00,2.925,2.9407,2.732,2.74,1079334.1,XRP
2025-09-26 00:00:00+00:00,2.7408,2.8044,2.7001,2.7836,197840.1,XRP
2025-09-27 00:00:00+00:00,2.7842,2.8253,2.7625,2.8008,56152.1,XRP
2025-09-28 00:00:00+00:00,2.8006,2.8667,2.7675,2.8656,128808.2,XRP
2025-09-29 00:00:00+00:00,2.8667,2.9234,2.8462,2.8782,152414.7,XRP
2025-09-30 00:00:00+00:00,2.8764,2.9041,2.815,2.8393,191392.7,XRP
2025-10-01 00:00:00+00:00,2.8417,2.9559,2.8141,2.9426,716931.9,XRP
2025-10-02 00:00:00+00:00,2.9465,3.0978,2.94,3.0366,404631.2,XRP
2025-10-03 00:00:00+00:00,3.0372,3.0913,2.99,3.0366,247107.6,XRP
2025-10-04 00:00:00+00:00,3.0401,3.0505,2.9352,2.9693,395492.6,XRP
2025-10-05 00:00:00+00:00,2.9655,3.0676,2.9475,2.9697,167744.6,XRP
2025-10-06 00:00:00+00:00,2.9682,3.0478,2.9542,2.9895,152888.4,XRP
2025-10-07 00:00:00+00:00,2.9891,3.0011,2.8528,2.8579,498216.9,XRP
2025-10-08 00:00:00+00:00,2.8559,2.9231,2.8448,2.8774,760024.8,XRP
2025-10-09 00:00:00+00:00,2.88,2.88,2.7738,2.804,796631.0,XRP
2025-10-10 00:00:00+00:00,2.8027,2.8378,1.75,2.3746,1353958.6,XRP
2025-10-11 00:00:00+00:00,2.3747,2.5034,2.316,2.3778,1157002.2,XRP
2025-10-12 00:00:00+00:00,2.383,2.5846,2.3113,2.5355,814543.3,XRP
2025-10-13 00:00:00+00:00,2.5263,2.6431,2.513,2.6041,465994.0,XRP
2025-10-14 00:00:00+00:00,2.6041,2.6181,2.3903,2.5032,859000.2,XRP
2025-10-15 00:00:00+00:00,2.5042,2.5431,2.375,2.4127,393491.3,XRP
2025-10-16 00:00:00+00:00,2.4095,2.4662,2.2857,2.3284,852590.0,XRP
2025-10-17 00:00:00+00:00,2.3273,2.3984,2.1917,2.297,777392.0,XRP
2025-10-18 00:00:00+00:00,2.2934,2.39,2.2927,2.3605,71032.1,XRP
2025-10-19 00:00:00+00:00,2.3606,2.4183,2.32,2.3922,261812.7,XRP
2025-10-20 00:00:00+00:00,2.3921,2.552,2.3588,2.4931,487999.7,XRP
2025-10-21 00:00:00+00:00,2.4875,2.5323,2.4005,2.4232,421393.4,XRP
2025-10-22 00:00:00+00:00,2.4244,2.48,2.3338,2.3607,782717.7,XRP
2025-10-23 00:00:00+00:00,2.364,2.4228,2.3628,2.3956,185702.4,XRP
2025-10-24 00:00:00+00:00,2.3954,2.5145,2.3871,2.5088,310718.8,XRP
2025-10-25 00:00:00+00:00,2.5101,2.651,2.5037,2.5968,501618.0,XRP
2025-10-26 00:00:00+00:00,2.5951,2.6606,2.5937,2.6447,257813.9,XRP
2025-10-27 00:00:00+00:00,2.6477,2.6949,2.6027,2.6347,165303.2,XRP
2025-10-28 00:00:00+00:00,2.6346,2.6887,2.5699,2.6043,516155.6,XRP
2025-10-29 00:00:00+00:00,2.6017,2.663,2.5393,2.5516,498059.7,XRP
2025-10-30 00:00:00+00:00,2.5472,2.5926,2.3774,2.4393,959792.7,XRP
2025-10-31 00:00:00+00:00,2.4381,2.5518,2.4356,2.5096,183672.5,XRP
2025-11-01 00:00:00+00:00,2.5106,2.5226,2.4789,2.5062,40843.1,XRP
2025-11-02 00:00:00+00:00,2.5057,2.5527,2.4794,2.525,71118.6,XRP
2025-11-03 00:00:00+00:00,2.5278,2.5308,2.2632,2.3102,1072649.4,XRP
2025-11-04 00:00:00+00:00,2.3096,2.3668,2.0678,2.2047,929184.5,XRP
2025-11-05 00:00:00+00:00,2.2036,2.3919,2.1013,2.3464,4592829.4,XRP
2025-11-06 00:00:00+00:00,2.3503,2.4155,2.1831,2.2137,802871.0,XRP
2025-11-07 00:00:00+00:00,2.2145,2.3708,2.1564,2.3192,403074.6,XRP
2025-11-08 00:00:00+00:00,2.3185,2.3369,2.2463,2.2884,263880.2,XRP
2025-11-09 00:00:00+00:00,2.2862,2.3941,2.2407,2.3681,210462.1,XRP
2025-11-10 00:00:00+00:00,2.3671,2.5824,2.3482,2.5283,563814.9,XRP
2025-11-11 00:00:00+00:00,2.5301,2.5697,2.3805,2.3932,882411.9,XRP
2025-11-12 00:00:00+00:00,2.3966,2.4751,2.315,2.3889,5068896.6,XRP
2025-11-13 00:00:00+00:00,2.3872,2.5248,2.2782,2.3264,1194480.2,XRP
2025-11-14 00:00:00+00:00,2.322,2.3388,2.2316,2.2443,1033438.3,XRP
2025-11-15 00:00:00+00:00,2.2427,2.3058,2.2149,2.2375,368945.5,XRP
2025-11-16 00:00:00+00:00,2.2372,2.2785,2.16,2.22,211735.2,XRP
2025-11-17 00:00:00+00:00,2.2171,2.3035,2.1157,2.1682,443326.1,XRP
2025-11-18 00:00:00+00:00,2.1634,2.24,2.1111,2.2143,425607.2,XRP
2025-11-19 00:00:00+00:00,2.2182,2.2182,2.029,2.1088,931763.7,XRP
2025-11-20 00:00:00+00:00,2.1036,2.1499,1.9809,2.0,958997.7,XRP
2025-11-21 00:00:00+00:00,2.0154,2.0299,1.8236,1.95,724322.2,XRP
2025-11-22 00:00:00+00:00,1.9516,1.9665,1.893,1.9528,113729.3,XRP
2025-11-23 00:00:00+00:00,1.9531,2.0848,1.9514,2.0502,364982.2,XRP
2025-11-24 00:00:00+00:00,2.0522,2.288,2.0231,2.2279,1220737.8,XRP
2025-11-25 00:00:00+00:00,2.2266,2.2615,2.1486,2.2012,321629.0,XRP
2025-11-26 00:00:00+00:00,2.2008,2.2545,2.1462,2.2238,158773.8,XRP
2025-11-27 00:00:00+00:00,2.2248,2.2316,2.174,2.1964,217030.0,XRP
2025-11-28 00:00:00+00:00,2.1967,2.2739,2.1569,2.1807,256132.1,XRP
2025-11-29 00:00:00+00:00,2.179,2.2212,2.167,2.1994,193020.6,XRP
2025-11-30 00:00:00+00:00,2.2006,2.2156,2.1531,2.155,150664.7,XRP
2025-12-01 00:00:00+00:00,2.1541,2.161,1.9862,2.0305,1122879.1,XRP
2025-12-02 00:00:00+00:00,2.0347,2.1804,1.9976,2.1526,442693.1,XRP
2025-12-03 00:00:00+00:00,2.1526,2.219,2.1401,2.1981,473534.4,XRP
2025-12-04 00:00:00+00:00,2.1988,2.2106,2.0706,2.0973,857560.0,XRP
2025-12-05 00:00:00+00:00,2.0992,2.1126,2.0148,2.0352,329347.6,XRP
2025-12-06 00:00:00+00:00,2.0331,2.0485,2.0189,2.0344,89338.2,XRP
2025-12-07 00:00:00+00:00,2.0301,2.1097,2.0,2.0403,968696.8,XRP
2025-12-08 00:00:00+00:00,2.0437,2.1225,2.0399,2.073,180407.3,XRP
2025-12-09 00:00:00+00:00,2.0749,2.1769,2.0433,2.1094,686743.3,XRP
2025-12-10 00:00:00+00:00,2.1066,2.1112,2.04,2.0421,488226.5,XRP
2025-12-11 00:00:00+00:00,2.0423,2.0558,1.9819,2.0352,777107.7,XRP
2025-12-12 00:00:00+00:00,2.0336,2.0449,1.9712,2.0093,179111.7,XRP
2025-12-13 00:00:00+00:00,2.0095,2.0476,2.0094,2.025,55254.3,XRP
2025-12-14 00:00:00+00:00,2.0226,2.0315,1.9562,1.9815,112001.8,XRP
2025-12-15 00:00:00+00:00,1.9793,2.0131,1.87,1.8958,993373.9,XRP
2025-12-16 00:00:00+00:00,1.8981,1.9481,1.8533,1.9295,298999.9,XRP
2025-12-17 00:00:00+00:00,1.9283,1.9852,1.8464,1.8622,154800.8,XRP
2025-12-18 00:00:00+00:00,1.8633,1.9325,1.8019,1.8091,440489.4,XRP
2025-12-19 00:00:00+00:00,1.8076,1.9194,1.7729,1.9062,448195.9,XRP
2025-12-20 00:00:00+00:00,1.9084,1.959,1.89,1.9339,240129.3,XRP
2025-12-21 00:00:00+00:00,1.9347,1.9489,1.8974,1.9226,122665.2,XRP
2025-12-22 00:00:00+00:00,1.9231,1.9474,1.8931,1.9033,147843.5,XRP
2025-12-23 00:00:00+00:00,1.901,1.9064,1.8683,1.88,511739.0,XRP
2025-12-24 00:00:00+00:00,1.8757,1.8796,1.842,1.8642,481293.4,XRP
2025-12-25 00:00:00+00:00,1.8634,1.8869,1.8288,1.8338,868766.1,XRP
2025-12-26 00:00:00+00:00,1.8339,1.883,1.8268,1.8436,130386.3,XRP
2025-12-27 00:00:00+00:00,1.844,1.877,1.8415,1.874,77929.6,XRP
2025-12-28 00:00:00+00:00,1.8757,1.8782,1.8543,1.8659,66215.0,XRP
2025-12-29 00:00:00+00:00,1.8663,1.918,1.8466,1.8493,317856.0,XRP
2025-12-30 00:00:00+00:00,1.8531,1.8866,1.8462,1.8768,181660.8,XRP
2025-12-31 00:00:00+00:00,1.8765,1.8841,1.8141,1.8447,258068.7,XRP
2026-01-01 00:00:00+00:00,1.8447,1.88,1.8282,1.88,146475.1,XRP
2026-01-02 00:00:00+00:00,1.88,2.0301,1.8669,2.0076,836938.6,XRP
2026-01-03 00:00:00+00:00,2.0101,2.055,1.9856,2.0171,209071.9,XRP
2026-01-04 00:00:00+00:00,2.0171,2.1199,2.0171,2.0959,209491.9,XRP
2026-01-05 00:00:00+00:00,2.0928,2.3692,2.0861,2.35,821803.7,XRP
2026-01-06 00:00:00+00:00,2.3492,2.4141,2.2043,2.3063,1164700.0,XRP
2026-01-07 00:00:00+00:00,2.3025,2.3189,2.1529,2.1681,338590.2,XRP
2026-01-08 00:00:00+00:00,2.1681,2.1903,2.07,2.1244,296208.9,XRP
2026-01-09 00:00:00+00:00,2.1252,2.1616,2.0752,2.0951,233658.5,XRP
2026-01-10 00:00:00+00:00,2.096,2.1092,2.082,2.0925,76342.7,XRP
2026-01-11 00:00:00+00:00,2.0909,2.1093,2.0507,2.0747,298754.3,XRP
2026-01-12 00:00:00+00:00,2.0757,2.1078,2.0355,2.0549,602258.5,XRP
2026-01-13 00:00:00+00:00,2.0538,2.1853,2.0489,2.1668,200818.2,XRP
2026-01-14 00:00:00+00:00,2.1664,2.1907,2.1134,2.1351,219920.3,XRP
2026-01-15 00:00:00+00:00,2.1392,2.1436,2.0531,2.0798,166184.0,XRP
2026-01-16 00:00:00+00:00,2.0798,2.088,2.0294,2.0708,82096.2,XRP
2026-01-17 00:00:00+00:00,2.0688,2.083,2.0546,2.063,21019.5,XRP
2026-01-18 00:00:00+00:00,2.0631,2.0655,1.988,1.993,121001.7,XRP
2026-01-19 00:00:00+00:00,1.993,2.0264,1.9224,1.9915,628748.0,XRP
2026-01-20 00:00:00+00:00,1.9855,1.9889,1.8701,1.8936,243928.7,XRP
2026-01-21 00:00:00+00:00,1.8927,1.989,1.8717,1.9463,574021.6,XRP
2026-01-22 00:00:00+00:00,1.9517,1.9673,1.9024,1.9235,113749.2,XRP
2026-01-23 00:00:00+00:00,1.9248,1.9642,1.8888,1.9224,111869.9,XRP
2026-01-24 00:00:00+00:00,1.9201,1.9277,1.91,1.9148,79856.1,XRP
2026-01-25 00:00:00+00:00,1.9155,1.9171,1.8118,1.8354,916994.1,XRP
2026-01-26 00:00:00+00:00,1.8358,1.9446,1.8345,1.905,1000567.2,XRP
2026-01-27 00:00:00+00:00,1.9027,1.9295,1.8744,1.9183,260918.2,XRP
2026-01-28 00:00:00+00:00,1.9168,1.9412,1.896,1.9102,76200.0,XRP
2026-01-29 00:00:00+00:00,1.9123,1.9128,1.78,1.8085,1147163.8,XRP
2026-01-30 00:00:00+00:00,1.8083,1.8123,1.7114,1.735,770204.9,XRP
2026-01-31 00:00:00+00:00,1.7361,1.7541,1.509,1.6492,1062401.1,XRP
2026-02-01 00:00:00+00:00,1.6451,1.6795,1.5555,1.5898,699150.2,XRP
2026-02-02 00:00:00+00:00,1.5916,1.6561,1.5314,1.6237,942903.3,XRP
2026-02-03 00:00:00+00:00,1.6182,1.6313,1.5283,1.5765,1186030.0,XRP
2026-02-04 00:00:00+00:00,1.5788,1.6104,1.4964,1.5119,836547.6,XRP
2026-02-05 00:00:00+00:00,1.5123,1.5129,1.1368,1.2129,1952044.3,XRP
2026-02-06 00:00:00+00:00,1.2142,1.5427,1.131,1.4705,2410881.2,XRP
2026-02-07 00:00:00+00:00,1.4601,1.49,1.3875,1.4252,766367.7,XRP
2026-02-08 00:00:00+00:00,1.4228,1.47,1.4111,1.4309,274373.6,XRP
2026-02-09 00:00:00+00:00,1.4303,1.4634,1.3747,1.4369,477377.9,XRP
2026-02-10 00:00:00+00:00,1.4386,1.4526,1.3922,1.4003,397491.0,XRP
2026-02-11 00:00:00+00:00,1.4,1.4196,1.3443,1.3689,471548.4,XRP
2026-02-12 00:00:00+00:00,1.3704,1.4074,1.3477,1.3642,277365.0,XRP
2026-02-13 00:00:00+00:00,1.3635,1.4254,1.3497,1.4089,244951.6,XRP
2026-02-14 00:00:00+00:00,1.4062,1.5131,1.4057,1.5116,230120.5,XRP
2026-02-15 00:00:00+00:00,1.5086,1.67,1.4459,1.4753,1480972.2,XRP
2026-02-16 00:00:00+00:00,1.4736,1.5167,1.4495,1.4888,252823.3,XRP
2026-02-17 00:00:00+00:00,1.4863,1.493,1.4278,1.4754,259130.8,XRP
2026-02-18 00:00:00+00:00,1.4741,1.493,1.4116,1.4218,538382.2,XRP
2026-02-19 00:00:00+00:00,1.4215,1.4378,1.3825,1.4084,553526.7,XRP
2026-02-20 00:00:00+00:00,1.4072,1.4376,1.3792,1.4306,840987.2,XRP
2026-02-21 00:00:00+00:00,1.4282,1.4642,1.4214,1.4304,422804.3,XRP
2026-02-22 00:00:00+00:00,1.4301,1.434,1.3805,1.3945,304535.9,XRP
2026-02-23 00:00:00+00:00,1.3938,1.4245,1.3316,1.3525,1106844.8,XRP
2026-02-24 00:00:00+00:00,1.3555,1.3665,1.3129,1.3483,567398.1,XRP
2026-02-25 00:00:00+00:00,1.3484,1.4929,1.3415,1.4341,1342720.1,XRP
2026-02-26 00:00:00+00:00,1.4332,1.4671,1.383,1.4011,778989.3,XRP
2026-02-27 00:00:00+00:00,1.4013,1.425,1.339,1.3549,629657.6,XRP
2026-02-28 00:00:00+00:00,1.356,1.3931,1.2706,1.3754,939634.5,XRP
2026-03-01 00:00:00+00:00,1.3792,1.4325,1.3371,1.3503,965724.0,XRP
2026-03-02 00:00:00+00:00,1.3523,1.4214,1.3343,1.3935,793757.0,XRP
2026-03-03 00:00:00+00:00,1.3906,1.3943,1.338,1.3602,421135.4,XRP
2026-03-04 00:00:00+00:00,1.3605,1.4723,1.3467,1.4298,869829.9,XRP
2026-03-05 00:00:00+00:00,1.4335,1.4537,1.3963,1.4033,494717.0,XRP
2026-03-06 00:00:00+00:00,1.4038,1.4143,1.3469,1.3632,205547.8,XRP
2026-03-07 00:00:00+00:00,1.3633,1.3731,1.3488,1.3563,93690.7,XRP
2026-03-08 00:00:00+00:00,1.3578,1.3706,1.3225,1.3397,185495.7,XRP
2026-03-09 00:00:00+00:00,1.3414,1.3831,1.3353,1.3625,144897.3,XRP
2026-03-10 00:00:00+00:00,1.3629,1.4423,1.3627,1.3853,492435.0,XRP
2026-03-11 00:00:00+00:00,1.3867,1.4104,1.3718,1.3849,361415.7,XRP
2026-03-12 00:00:00+00:00,1.3849,1.3921,1.3669,1.386,78605.3,XRP
2026-03-13 00:00:00+00:00,1.3841,1.4517,1.384,1.3984,482712.9,XRP
2026-03-14 00:00:00+00:00,1.3969,1.4084,1.3857,1.4084,40911.8,XRP
2026-03-15 00:00:00+00:00,1.4084,1.4642,1.4034,1.4474,145195.5,XRP
2026-03-16 00:00:00+00:00,1.4524,1.5522,1.436,1.5432,1043483.1,XRP
2026-03-17 00:00:00+00:00,1.5427,1.6069,1.4983,1.5189,767354.3,XRP
2026-03-18 00:00:00+00:00,1.519,1.5395,1.436,1.4647,218878.3,XRP
2026-03-19 00:00:00+00:00,1.4625,1.4809,1.4235,1.4464,84764.0,XRP
2026-03-20 00:00:00+00:00,1.4484,1.4659,1.4275,1.4455,76635.4,XRP
2026-03-21 00:00:00+00:00,1.4449,1.452,1.4027,1.4049,57852.6,XRP
2026-03-22 00:00:00+00:00,1.4,1.4254,1.374,1.3853,111423.5,XRP
2026-03-23 00:00:00+00:00,1.3883,1.465,1.3627,1.4341,327584.6,XRP
2026-03-24 00:00:00+00:00,1.4324,1.4338,1.3853,1.4164,67659.1,XRP
2026-03-25 00:00:00+00:00,1.4157,1.4364,1.4032,1.4148,93609.4,XRP
2026-03-26 00:00:00+00:00,1.4145,1.4154,1.34,1.36,339619.8,XRP
2026-03-27 00:00:00+00:00,1.3611,1.3705,1.3191,1.3248,177315.6,XRP
2026-03-28 00:00:00+00:00,1.3251,1.357,1.3198,1.3336,94440.8,XRP
2026-03-29 00:00:00+00:00,1.3326,1.3429,1.2972,1.3275,145435.8,XRP
2026-03-30 00:00:00+00:00,1.3282,1.3661,1.3174,1.3231,112155.6,XRP
2026-03-31 00:00:00+00:00,1.3236,1.3499,1.3054,1.3415,230144.4,XRP
2026-04-01 00:00:00+00:00,1.3401,1.3679,1.3338,1.3472,236606.1,XRP
2026-04-02 00:00:00+00:00,1.3483,1.3552,1.2816,1.3193,86692.8,XRP
2026-04-03 00:00:00+00:00,1.3211,1.3336,1.3039,1.3187,82704.2,XRP
2026-04-04 00:00:00+00:00,1.3184,1.3204,1.3069,1.3147,35473.4,XRP
2026-04-05 00:00:00+00:00,1.3155,1.3295,1.2793,1.3265,73408.4,XRP
2026-04-06 00:00:00+00:00,1.3305,1.357,1.3112,1.3218,211531.4,XRP
2026-04-07 00:00:00+00:00,1.32,1.396,1.2957,1.3793,301097.5,XRP
2026-04-08 00:00:00+00:00,1.3791,1.3878,1.3395,1.3426,286423.2,XRP
2026-04-09 00:00:00+00:00,1.342,1.3682,1.3224,1.3439,453901.8,XRP
2026-04-10 00:00:00+00:00,1.3435,1.3646,1.3346,1.3564,163041.0,XRP
2026-04-11 00:00:00+00:00,1.3561,1.3747,1.3404,1.3547,32684.7,XRP
2026-04-12 00:00:00+00:00,1.3547,1.3552,1.3179,1.3259,244849.8,XRP
2026-04-13 00:00:00+00:00,1.3246,1.3835,1.3203,1.3759,97997.8,XRP
2026-04-14 00:00:00+00:00,1.3755,1.3952,1.3533,1.3625,602250.3,XRP
2026-04-15 00:00:00+00:00,1.3632,1.4077,1.3512,1.3912,109417.9,XRP
2026-04-16 00:00:00+00:00,1.3921,1.4656,1.3877,1.4517,322125.4,XRP
2026-04-17 00:00:00+00:00,1.4532,1.5102,1.4235,1.4762,413261.8,XRP
2026-04-18 00:00:00+00:00,1.4801,1.4814,1.4241,1.4346,116441.7,XRP
2026-04-19 00:00:00+00:00,1.4332,1.4461,1.3926,1.3928,152890.0,XRP
2026-04-20 00:00:00+00:00,1.3946,1.4369,1.3935,1.4248,120150.3,XRP
2026-04-21 00:00:00+00:00,1.4247,1.4484,1.4118,1.4311,76328.1,XRP
2026-04-22 00:00:00+00:00,1.4342,1.4625,1.4273,1.4304,105593.8,XRP
2026-04-23 00:00:00+00:00,1.429,1.4405,1.4097,1.4394,608508.4,XRP
2026-04-24 00:00:00+00:00,1.4394,1.45,1.4251,1.4335,39584.4,XRP
2026-04-25 00:00:00+00:00,1.4335,1.4371,1.4195,1.4246,18698.4,XRP
2026-04-26 00:00:00+00:00,1.4237,1.4359,1.4184,1.4348,32038.2,XRP
2026-04-27 00:00:00+00:00,1.4318,1.4463,1.3848,1.4018,87151.6,XRP
2026-04-28 00:00:00+00:00,1.3996,1.4005,1.3682,1.3817,133493.9,XRP
2026-04-29 00:00:00+00:00,1.3807,1.4062,1.3476,1.3708,1110518.7,XRP
2026-04-30 00:00:00+00:00,1.3716,1.3837,1.3607,1.3675,111416.0,XRP
2026-05-01 00:00:00+00:00,1.369,1.3996,1.3657,1.3839,128256.0,XRP
2026-05-02 00:00:00+00:00,1.3854,1.3999,1.3823,1.3955,36426.0,XRP
2026-05-03 00:00:00+00:00,1.3944,1.4031,1.3823,1.3875,62360.9,XRP
2026-05-04 00:00:00+00:00,1.3876,1.4199,1.3834,1.3914,150257.0,XRP
2026-05-05 00:00:00+00:00,1.392,1.3927,1.392,1.3927,13.6,XRP
